Part,Setting,Model,Positives,PR_AUC,PR_AUC_std,F1,F1_std,Recall@2%,Recall@2%_std,Precision@2%,Precision@2%_std,PositiveRate,Features
A_horizon,t+1 (15 min),AERIS,85.0,0.6188646677019957,,56.55172413793104,,67.05882549285889,,43.18181872367859,,,
A_horizon,t+1 (15 min),HistGBM,85.0,0.5646150632160372,,50.602409638554214,,58.82353186607361,,37.87878751754761,,,
A_horizon,t+1 (15 min),Persistence heuristic,85.0,0.5474214864869318,,,,67.05882549285889,,43.18181872367859,,,
A_horizon,t+1 (15 min),LSTM classifier,85.0,0.5713562524920212,,49.63503649635037,,63.52941393852234,,40.909090638160706,,,
A_horizon,t+2 (30 min),AERIS,85.0,0.3888768164007195,,36.60130718954248,,54.11764979362488,,34.84848439693451,,,
A_horizon,t+2 (30 min),HistGBM,85.0,0.26213753921196686,,29.230769230769234,,34.117648005485535,,21.969696879386902,,,
A_horizon,t+2 (30 min),Persistence heuristic,85.0,0.35613603826457557,,,,54.11764979362488,,34.84848439693451,,,
A_horizon,t+2 (30 min),LSTM classifier,85.0,0.3505035578266877,,36.75213675213676,,49.41176474094391,,31.81818127632141,,,
A_horizon,t+4 (60 min),AERIS,85.0,0.19685032270647548,,21.192052980132452,,31.76470696926117,,20.454545319080353,,,
A_horizon,t+4 (60 min),HistGBM,85.0,0.10949081719042596,,11.981566820276496,,16.470588743686676,,10.606060922145844,,,
A_horizon,t+4 (60 min),Persistence heuristic,85.0,0.2317117873366356,,,,40.00000059604645,,25.757575035095215,,,
A_horizon,t+4 (60 min),LSTM classifier,85.0,0.12644646218419953,,20.858895705521473,,25.882354378700256,,16.66666716337204,,,
A_horizon,t+8 (120 min),AERIS,85.0,0.11208207240647824,,13.617021276595745,,16.470588743686676,,10.606060922145844,,,
A_horizon,t+8 (120 min),HistGBM,85.0,0.10730521085967096,,12.653061224489795,,18.82352977991104,,12.121212482452393,,,
A_horizon,t+8 (120 min),Persistence heuristic,85.0,0.14633541843321313,,,,28.23529541492462,,18.18181872367859,,,
A_horizon,t+8 (120 min),LSTM classifier,85.0,0.12738275664209273,,22.58064516129032,,29.411765933036804,,18.939393758773804,,,
B_threshold,q=0.95,AERIS,218.0,0.7054122381225526,,63.614457831325296,,47.706422209739685,,78.78788113594055,,3.304031491279602,
B_threshold,q=0.95,HistGBM,218.0,0.645683515621858,,60.71428571428571,,45.41284441947937,,75.0,,3.304031491279602,
B_threshold,q=0.95,Persistence heuristic,218.0,0.6718927615460233,,,,45.87155878543854,,75.75757503509521,,3.304031491279602,
B_threshold,q=0.975,AERIS,111.0,0.6685681834957264,,60.36363636363637,,69.36936974525452,,58.33333134651184,,1.6823280602693558,
B_threshold,q=0.975,HistGBM,111.0,0.6421669381185477,,58.76288659793815,,61.26126050949097,,51.51515007019043,,1.6823280602693558,
B_threshold,q=0.975,Persistence heuristic,111.0,0.5850356066509348,,,,63.963961601257324,,53.78788113594055,,1.6823280602693558,
B_threshold,q=0.98,AERIS,85.0,0.6188646677019957,,56.55172413793104,,67.05882549285889,,43.18181872367859,,1.288269180804491,
B_threshold,q=0.98,HistGBM,85.0,0.5646150632160372,,50.602409638554214,,58.82353186607361,,37.87878751754761,,1.288269180804491,
B_threshold,q=0.98,Persistence heuristic,85.0,0.5474214864869318,,,,67.05882549285889,,43.18181872367859,,1.288269180804491,
B_threshold,q=0.99,AERIS,36.0,0.6134516772640495,,53.608247422680414,,88.88888955116272,,24.242424964904785,,0.5456198938190937,
B_threshold,q=0.99,HistGBM,36.0,0.41267185723257,,48.93617021276596,,69.44444179534912,,18.939393758773804,,0.5456198938190937,
B_threshold,q=0.99,Persistence heuristic,36.0,0.5598547284936843,,,,83.33333134651184,,22.727273404598236,,0.5456198938190937,
C_availability,Canonical inputs (146 features),AERIS,85.0,0.6188646677019957,,56.55172413793104,,67.05882549285889,,43.18181872367859,,,146.0
C_availability,Canonical inputs (146 features),HistGBM,85.0,0.5646150632160372,,50.602409638554214,,58.82353186607361,,37.87878751754761,,,146.0
C_availability,Canonical inputs (146 features),Persistence heuristic,85.0,0.5474214864869318,,,,67.05882549285889,,43.18181872367859,,,1.0
C_availability,Composite score and z-scores removed (141),AERIS,85.0,0.5971180526160812,,56.287425149700596,,62.352943420410156,,40.15151560306549,,,141.0
C_availability,Composite score and z-scores removed (141),HistGBM,85.0,0.4879839544288245,,49.473684210526315,,61.176472902297974,,39.393940567970276,,,141.0
C_availability,Composite score and z-scores removed (141),Persistence heuristic,85.0,0.5474214864869318,,,,67.05882549285889,,43.18181872367859,,,1.0
C_availability,"Composite score, z-scores and raw constituents removed (137)",AERIS,85.0,0.6225395988634745,,56.98924731182796,,63.52941393852234,,40.909090638160706,,,137.0
C_availability,"Composite score, z-scores and raw constituents removed (137)",HistGBM,85.0,0.5182770376127701,,50.0,,58.82353186607361,,37.87878751754761,,,137.0
C_availability,"Composite score, z-scores and raw constituents removed (137)",Persistence heuristic,85.0,0.5474214864869318,,,,67.05882549285889,,43.18181872367859,,,1.0
C_availability,One-interval publication lag on all inputs,AERIS,85.0,0.43543658249833694,,46.07843137254902,,62.352943420410156,,40.15151560306549,,,146.0
C_availability,One-interval publication lag on all inputs,HistGBM,85.0,0.25244062931222705,,31.092436974789916,,38.823530077934265,,25.0,,,146.0
C_availability,One-interval publication lag on all inputs,Persistence heuristic,85.0,0.3561359552760539,,,,54.11764979362488,,34.84848439693451,,,1.0
C_availability,Training-only label normalisation and threshold,AERIS,73.0,0.6027368985191806,,55.78231292517006,,71.23287916183472,,39.393940567970276,,,146.0
C_availability,Training-only label normalisation and threshold,HistGBM,73.0,0.5425135370817399,,48.40764331210191,,65.75342416763306,,36.36363744735718,,,146.0
C_availability,Training-only label normalisation and threshold,Persistence heuristic,73.0,0.5381145603435992,,,,68.49315166473389,,37.87878751754761,,,1.0
C_availability,Training-only label + publication lag,AERIS,73.0,0.42561851233639847,,39.24050632911392,,65.75342416763306,,36.36363744735718,,,146.0
C_availability,Training-only label + publication lag,HistGBM,73.0,0.2721500036349269,,31.11111111111111,,43.83561611175537,,24.242424964904785,,,146.0
C_availability,Training-only label + publication lag,Persistence heuristic,73.0,0.33031941068844767,,,,54.794520139694214,,30.30303120613098,,,1.0
C_availability,Equal weights in the composite score,AERIS,82.0,0.6021771304285133,,59.87261146496815,,63.41463327407837,,39.393940567970276,,,146.0
C_availability,Equal weights in the composite score,HistGBM,82.0,0.5492184652474451,,51.31578947368421,,60.975611209869385,,37.87878751754761,,,146.0
C_availability,Equal weights in the composite score,Persistence heuristic,82.0,0.512146118883383,,,,64.63414430618286,,40.15151560306549,,,1.0
D_rolling,Fold 1: test 2025-08-01 to 2025-09-04,AERIS,85.0,0.2624160086316916,,37.93103448275862,,29.411765933036804,,37.87878751754761,,,
D_rolling,Fold 1: test 2025-08-01 to 2025-09-04,HistGBM,85.0,0.4885790155690411,,43.24324324324324,,37.64705955982208,,48.48484992980957,,,
D_rolling,Fold 2: test 2025-09-04 to 2025-10-09,AERIS,84.0,0.05482835649076591,,14.705882352941178,,10.71428582072258,,13.636364042758942,,,
D_rolling,Fold 2: test 2025-09-04 to 2025-10-09,HistGBM,84.0,0.5447396193951369,,54.761904761904766,,51.1904776096344,,65.15151262283325,,,
D_rolling,Fold 3: test 2025-10-09 to 2025-11-27,AERIS,59.0,0.5832283346190807,,58.91472868217055,,62.711864709854126,,56.060606241226196,,,
D_rolling,Fold 3: test 2025-10-09 to 2025-11-27,HistGBM,59.0,0.639484735099164,,59.541984732824424,,64.40678238868713,,57.575756311416626,,,
D_rolling,Fold 4: test 2025-11-27 to 2025-12-31,AERIS,15.0,0.0026008031964459854,,0.0,,0.0,,0.0,,,
D_rolling,Fold 4: test 2025-11-27 to 2025-12-31,HistGBM,15.0,0.398246928598454,,45.16129032258064,,53.33333611488342,,12.121212482452393,,,
E_perturbation,Clean test set,AERIS,,0.6188646677019957,,56.55172413793104,,67.05882549285889,,43.18181872367859,,,
E_perturbation,Additive noise at 20 dB SNR,AERIS,,0.6215445680912383,,57.931034482758626,,65.8823549747467,,42.424243688583374,,,
E_perturbation,Additive noise at 15 dB SNR,AERIS,,0.6076355432472325,,56.94444444444444,,67.05882549285889,,43.18181872367859,,,
E_perturbation,Additive noise at 10 dB SNR,AERIS,,0.5966349767122295,,54.421768707483,,68.23529601097107,,43.939393758773804,,,
E_perturbation,Renewable inputs scaled by 1.10,AERIS,,0.6188214902522543,,56.774193548387096,,67.05882549285889,,43.18181872367859,,,
E_perturbation,Renewable inputs scaled by 1.20,AERIS,,0.6168237487047551,,56.470588235294116,,65.8823549747467,,42.424243688583374,,,
E_perturbation,Renewable inputs scaled by 0.90,AERIS,,0.6151793266766601,,56.934306569343065,,65.8823549747467,,42.424243688583374,,,
F_feature_group,All inputs,AERIS,,0.6188646677019957,,56.55172413793104,,67.05882549285889,,43.18181872367859,,,146.0
F_feature_group,Wind only,AERIS,,0.18494038159789536,,21.818181818181817,,28.23529541492462,,18.18181872367859,,,39.0
F_feature_group,Solar only,AERIS,,0.4180883863563485,,43.2,,50.58823823928833,,32.575756311416626,,,38.0
F_feature_group,Balancing and market only,AERIS,,0.3631084048579466,,43.11926605504588,,55.29412031173706,,35.606059432029724,,,24.0
F_feature_group,Four label constituents only,AERIS,,0.5938361704377279,,55.27638190954774,,69.41176652908325,,44.69696879386902,,,4.0
