Variant,Group,Removed component,PR_AUC_mean,PR_AUC_std,F1_mean,F1_std,Precision@2%_mean,Precision@2%_std,Recall@2%_mean,Recall@2%_std,ROC_AUC_mean,ROC_AUC_std,Params,Train_s_mean
AERIS (full),structural,-,0.6126147744627917,0.008838683782266207,55.82688247712878,1.025080907279593,43.18181872367859,0.0,67.05882549285889,0.0,0.9560815021540628,0.0007548705443073236,691508,401.25584704999346
w/o attention (mean pooling),structural,attention,0.5969094901920171,0.028122630960612717,52.04275055454728,2.4753728012499434,42.424242198467255,1.0713749964893517,65.8823549747467,1.6637805624463506,0.9578092683411457,0.00029632820013407777,625332,352.5184073499695
w/o context gate,structural,gate,0.6087475475535272,0.017032969334618633,55.49168867484853,2.5924685468389748,43.560606241226196,0.5356864445734631,67.64706075191498,0.8318902812231753,0.9577668193025713,0.0004023421682855927,642100,408.05050040001515
w/o variational latent (deterministic AE),structural,KL / sampling,0.592936186132659,0.0033630134744054123,52.36206896551724,0.902170720824215,42.04545468091965,0.5356885519158887,65.29411971569061,0.8318902812231753,0.9608628896054046,0.0015799913084739979,689444,405.00153650002903
w/o latent bottleneck and reconstruction,structural,VAE branch,0.5894071605558473,0.012164424507519332,52.8054298642534,1.4718059698905461,40.5303031206131,0.5356864445734631,62.94117867946625,0.8318902812231753,0.9584207151308244,0.004400218316647531,687874,381.2342544500134
w/o reconstruction term,structural,reconstruction loss,0.6007806521222914,0.006835492244258179,53.94140112185225,0.19831733330808407,43.560606241226196,1.6070593337203893,67.64706075191498,2.495670843669526,0.9553083877493881,0.0004713151114202792,691508,376.423276800022
w/o focal loss (weighted BCE),structural,focal loss,0.599225981023859,0.009853473686702304,55.36796536796537,1.1632059603934584,43.93939524888992,2.142747885636278,68.23529601097107,3.3275611248927013,0.9558990616052963,0.0014088362273621028,691508,412.61937925001257
w/o ranking loss,structural,ranking loss,0.6126147744627917,0.008838683782266207,55.82688247712878,1.025080907279593,43.18181872367859,0.0,67.05882549285889,0.0,0.9560815021540628,0.0007548705443073236,691508,658.847519700008
Strictly causal TCN blocks,structural,non-causal right context,0.6024784070169868,0.014403684148572321,56.576542979675565,3.370063271886657,45.83333432674408,0.5356864445734631,71.17647230625153,0.8318902812231753,0.9549742144669936,0.000729325009812943,691508,581.4268703999696
w/o auxiliary score regression,structural,auxiliary regression head,0.5588095695111077,0.012110230075739017,50.203799654576855,0.6545928060725247,39.01515156030655,2.678434330209741,60.58823764324188,4.159451406115877,0.9676845404214196,0.004868978874618404,691508,541.7371191000275
Full-window reconstruction target,structural,window-mean reconstruction replaced,0.6038781564606832,0.009775187601780925,54.589595375722546,1.9946133480869155,41.28787815570831,0.5356864445734631,64.11764919757843,0.8318902812231753,0.9554854092719538,0.0005275152873078538,748010,2749.6192131999996
Latent dimension = 2,latent_dim,-,0.6121012091458087,,58.44155844155844,,43.939393758773804,,68.23529601097107,,0.9619927565683114,,683416,421.18076729995664
Latent dimension = 4,latent_dim,-,0.5998332748642289,,54.7486033519553,,44.69696879386902,,69.41176652908325,,0.9585318051679448,,684572,324.34089609998045
Latent dimension = 8,latent_dim,-,0.6047514877321355,,57.6271186440678,,43.939393758773804,,68.23529601097107,,0.9571752422756298,,686884,361.42976109997835
Latent dimension = 16,latent_dim,-,0.6188646677019957,,56.55172413793104,,43.18181872367859,,67.05882549285889,,0.9555477280732652,,691508,945.7761480999761
Sequence length = 4,sequence_length,-,0.6188646677019957,,56.55172413793104,,43.18181872367859,,67.05882549285889,,0.9555477280732652,,691508,726.6414038999937
Sequence length = 8,sequence_length,-,0.5783984159542793,,52.83018867924528,,41.66666567325592,,64.70588445663452,,0.9557735208316399,,691508,771.5701279999921
Sequence length = 16,sequence_length,-,0.6017772043854971,,53.63128491620112,,43.939393758773804,,68.23529601097107,,0.9555346565989962,,691508,1367.7528597000055
Sequence length = 24,sequence_length,-,0.6242432011418596,,57.30337078651685,,45.45454680919647,,70.58823704719543,,0.9580765783302702,,691508,2308.8898584999843
Hidden dimension = 48,hidden_dim,-,0.5976250174983508,,53.84615384615385,,42.424243688583374,,65.8823549747467,,0.9568446816773691,,109668,264.20206560002407
Hidden dimension = 96,hidden_dim,-,0.5996406301500328,,55.00000000000001,,42.424243688583374,,65.8823549747467,,0.9598865617181925,,398868,393.0607403999893
Hidden dimension = 128,hidden_dim,-,0.6188646677019957,,56.55172413793104,,43.18181872367859,,67.05882549285889,,0.9555477280732652,,691508,511.9032508000382
Hidden dimension = 192,hidden_dim,-,0.6140586908014989,,57.831325301204814,,43.939393758773804,,68.23529601097107,,0.9571716295914957,,1516404,736.5183925000019
