alpha,Valid PR_AUC,Test PR_AUC,Test Precision@1%,Test Recall@1%,Test Precision@2%,Test Recall@2%,Test cost (kappa=20),Test cost (kappa=50)
0.0,0.6477434334022752,0.6263529149494801,66.66666666666666,51.76470588235295,44.696969696969695,69.41176470588235,0.0988178235829039,0.21703546529251289
0.1,0.647129711097734,0.6226539159252112,66.66666666666666,51.76470588235295,43.93939393939394,68.23529411764706,0.10184904516520157,0.22461351924825704
0.2,0.6467159362238138,0.6196922793385268,66.66666666666666,51.76470588235295,43.93939393939394,68.23529411764706,0.10184904516520157,0.22461351924825704
0.3,0.6486479190547826,0.616409638384245,66.66666666666666,51.76470588235295,43.93939393939394,68.23529411764706,0.10184904516520157,0.22461351924825704
0.4,0.6470925901301657,0.6122407373653179,66.66666666666666,51.76470588235295,43.93939393939394,68.23529411764706,0.10184904516520157,0.22461351924825704
0.5,0.6460159723401566,0.6100974090734447,63.63636363636363,49.411764705882355,43.93939393939394,68.23529411764706,0.10184904516520157,0.22461351924825704
0.6,0.6458776616088118,0.6069869329858825,62.121212121212125,48.23529411764706,43.93939393939394,68.23529411764706,0.10184904516520157,0.22461351924825704
0.7,0.6465437192831199,0.6055325806238904,62.121212121212125,48.23529411764706,43.93939393939394,68.23529411764706,0.10184904516520157,0.22461351924825704
0.8,0.6465633046939793,0.6049153432063827,62.121212121212125,48.23529411764706,43.93939393939394,68.23529411764706,0.10184904516520157,0.22461351924825704
0.9,0.6464797276289408,0.6044012996079817,62.121212121212125,48.23529411764706,43.93939393939394,68.23529411764706,0.10184904516520157,0.22461351924825704
1.0,0.6473143074491173,0.6034501379723161,62.121212121212125,48.23529411764706,43.93939393939394,68.23529411764706,0.10184904516520157,0.22461351924825704
1.1,0.647185591631311,0.6016632534838682,60.60606060606061,47.05882352941176,43.93939393939394,68.23529411764706,0.10184904516520157,0.22461351924825704
1.2,0.6470765664868356,0.6004166580996961,60.60606060606061,47.05882352941176,43.93939393939394,68.23529411764706,0.10184904516520157,0.22461351924825704
1.3,0.6464473064269434,0.6001657953032504,60.60606060606061,47.05882352941176,43.93939393939394,68.23529411764706,0.10184904516520157,0.22461351924825704
1.4,0.6461231078753513,0.5995938790380737,60.60606060606061,47.05882352941176,43.93939393939394,68.23529411764706,0.10184904516520157,0.22461351924825704
1.5,0.645791961876677,0.5990586609138757,60.60606060606061,47.05882352941176,43.93939393939394,68.23529411764706,0.10184904516520157,0.22461351924825704
1.6,0.6458079252131327,0.5989241757056692,60.60606060606061,47.05882352941176,43.93939393939394,68.23529411764706,0.10184904516520157,0.22461351924825704
1.7,0.6458300119062091,0.5979665458482716,60.60606060606061,47.05882352941176,43.93939393939394,68.23529411764706,0.10184904516520157,0.22461351924825704
1.8,0.6457405379679207,0.5978006457155713,60.60606060606061,47.05882352941176,43.93939393939394,68.23529411764706,0.10184904516520157,0.22461351924825704
1.9,0.6452452004481906,0.5972905592400949,60.60606060606061,47.05882352941176,43.93939393939394,68.23529411764706,0.10184904516520157,0.22461351924825704
2.0,0.6457820169520148,0.5972233998611716,60.60606060606061,47.05882352941176,43.93939393939394,68.23529411764706,0.10184904516520157,0.22461351924825704
