Baseline,Metric,Resampling,observed_diff,mean_diff,ci_lower,ci_upper,p_one_sided,p_two_sided,n_bootstrap,block_length
"HistGBM (regression, tuned)",PR_AUC,i.i.d.,0.02133935004870391,0.021606868458693237,-0.028295997926319986,0.07469157387091226,0.18840579710144928,0.37681159420289856,2000,1
"HistGBM (regression, tuned)",PR_AUC,moving block (24 h),0.02133935004870391,0.021438288210876174,-0.038494370724122304,0.07727228209366402,0.23438280859570215,0.4687656171914043,2000,96
"HistGBM (regression, tuned)",Recall@2%,i.i.d.,5.882352941176471,4.889822815514164,-2.500791139240506,12.70010131712259,0.12743628185907047,0.25487256371814093,2000,1
"HistGBM (regression, tuned)",Recall@2%,moving block (24 h),5.882352941176471,3.716451847824285,-2.649895550913377,11.267605633802816,0.2028985507246377,0.4057971014492754,2000,96
"HistGBM (regression, tuned)",Precision@2%,i.i.d.,3.787878787878782,3.107575757575757,-1.5151515151515156,8.333333333333329,0.12743628185907047,0.25487256371814093,2000,1
"HistGBM (regression, tuned)",Precision@2%,moving block (24 h),3.787878787878782,2.140151515151515,-2.2727272727272734,6.060606060606062,0.2028985507246377,0.4057971014492754,2000,96
"XGBoost (regression, tuned)",PR_AUC,i.i.d.,0.06190034762046093,0.06035597548448744,0.009436375342935475,0.11697100285677242,0.010494752623688156,0.020989505247376312,2000,1
"XGBoost (regression, tuned)",PR_AUC,moving block (24 h),0.06190034762046093,0.058396220180644734,-0.011552719951291245,0.1283451367216188,0.050974512743628186,0.10194902548725637,2000,96
"XGBoost (regression, tuned)",Recall@2%,i.i.d.,4.705882352941174,4.1774044983883725,-2.4706985466479034,11.25,0.1519240379810095,0.303848075962019,2000,1
"XGBoost (regression, tuned)",Recall@2%,moving block (24 h),4.705882352941174,3.166244934855408,-3.2793659395745713,9.723069105691058,0.2303848075962019,0.4607696151924038,2000,96
"XGBoost (regression, tuned)",Precision@2%,i.i.d.,3.030303030303024,2.675378787878788,-1.5151515151515156,7.575757575757571,0.1519240379810095,0.303848075962019,2000,1
"XGBoost (regression, tuned)",Precision@2%,moving block (24 h),3.030303030303024,1.8659090909090905,-2.2727272727272805,6.060606060606062,0.2303848075962019,0.4607696151924038,2000,96
"LightGBM (regression, tuned)",PR_AUC,i.i.d.,-0.001416472077714892,-0.0012660926250722833,-0.04737217767813506,0.0479766419755388,0.5367316341829086,0.9265367316341828,2000,1
"LightGBM (regression, tuned)",PR_AUC,moving block (24 h),-0.001416472077714892,-0.0025633459032622418,-0.06185389015636262,0.04820823109545413,0.5222388805597201,0.9555222388805598,2000,96
"LightGBM (regression, tuned)",Recall@2%,i.i.d.,2.352941176470594,1.8285772220394603,-4.0,8.433734939759027,0.3683158420789605,0.736631684157921,2000,1
"LightGBM (regression, tuned)",Recall@2%,moving block (24 h),2.352941176470594,0.48016722289233565,-5.607739157828416,7.77813852813852,0.5422288855572214,0.9155422288855573,2000,96
"LightGBM (regression, tuned)",Precision@2%,i.i.d.,1.5151515151515156,1.1518939393939396,-2.2727272727272805,5.3030303030303045,0.3683158420789605,0.736631684157921,2000,1
"LightGBM (regression, tuned)",Precision@2%,moving block (24 h),1.5151515151515156,0.10795454545454539,-4.545454545454554,4.545454545454547,0.5422288855572214,0.9155422288855573,2000,96
Heuristic: composite score persistence,PR_AUC,i.i.d.,0.07893143751160281,0.0778486283837853,0.0246907202810756,0.13514250766190505,0.0014992503748125937,0.0029985007496251873,2000,1
Heuristic: composite score persistence,PR_AUC,moving block (24 h),0.07893143751160281,0.07970925463585894,0.021910522666375932,0.1591986817892183,0.0029985007496251873,0.005997001499250375,2000,96
Heuristic: composite score persistence,Recall@2%,i.i.d.,2.352941176470594,0.9113292120957708,-5.748797113071361,8.08149058149058,0.47426286856571714,0.9485257371314343,2000,1
Heuristic: composite score persistence,Recall@2%,moving block (24 h),2.352941176470594,0.9662872504005836,-6.756756756756758,8.081490581490574,0.4452773613193403,0.8905547226386806,2000,96
Heuristic: composite score persistence,Precision@2%,i.i.d.,1.5151515151515156,0.6102272727272728,-3.787878787878789,5.3030303030303045,0.47426286856571714,0.9485257371314343,2000,1
Heuristic: composite score persistence,Precision@2%,moving block (24 h),1.5151515151515156,0.8113636363636365,-3.787878787878789,6.81818181818182,0.4452773613193403,0.8905547226386806,2000,96
LightGBM (tuned),PR_AUC,i.i.d.,0.026729921088956665,0.02655557163552195,-0.01582695508775502,0.07027441142064299,0.10994502748625687,0.21989005497251374,2000,1
LightGBM (tuned),PR_AUC,moving block (24 h),0.026729921088956665,0.02546733438504509,-0.03291952070264663,0.07716763838999065,0.17891054472763618,0.35782108945527236,2000,96
LightGBM (tuned),Recall@2%,i.i.d.,4.705882352941174,3.278666744666818,-3.4090909090909065,10.003164556962014,0.21689155422288856,0.4337831084457771,2000,1
LightGBM (tuned),Recall@2%,moving block (24 h),4.705882352941174,1.9728434082144526,-4.347826086956516,9.523809523809518,0.3543228385807096,0.7086456771614192,2000,96
LightGBM (tuned),Precision@2%,i.i.d.,3.030303030303024,2.083333333333333,-2.2727272727272734,6.060606060606062,0.21689155422288856,0.4337831084457771,2000,1
LightGBM (tuned),Precision@2%,moving block (24 h),3.030303030303024,1.2492424242424243,-3.030303030303024,6.060606060606062,0.3543228385807096,0.7086456771614192,2000,96
XGBoost (tuned),PR_AUC,i.i.d.,0.09834447578299377,0.09780040073196565,0.04265970375289396,0.15950065702536317,0.0004997501249375312,0.0009995002498750624,2000,1
XGBoost (tuned),PR_AUC,moving block (24 h),0.09834447578299377,0.09312486714160087,0.018490197790655374,0.17897599752962548,0.0069965017491254375,0.013993003498250875,2000,96
XGBoost (tuned),Recall@2%,i.i.d.,4.705882352941174,5.014727671417631,-2.247829417773238,12.04819277108433,0.10144927536231885,0.2028985507246377,2000,1
XGBoost (tuned),Recall@2%,moving block (24 h),4.705882352941174,5.306360802824523,-2.564102564102555,15.791562238930657,0.1409295352323838,0.2818590704647676,2000,96
XGBoost (tuned),Precision@2%,i.i.d.,3.030303030303024,3.202651515151515,-1.5151515151515156,7.575757575757578,0.10144927536231885,0.2028985507246377,2000,1
XGBoost (tuned),Precision@2%,moving block (24 h),3.030303030303024,3.310984848484848,-1.5151515151515156,9.848484848484844,0.1409295352323838,0.2818590704647676,2000,96
HistGBM (tuned),PR_AUC,i.i.d.,0.036676458388908095,0.03609549404555682,-0.012400582155253819,0.08634760891396036,0.07596201899050475,0.1519240379810095,2000,1
HistGBM (tuned),PR_AUC,moving block (24 h),0.036676458388908095,0.03683031155103755,-0.005002045240175798,0.08062146825191861,0.0399800099950025,0.079960019990005,2000,96
HistGBM (tuned),Recall@2%,i.i.d.,4.705882352941174,3.835759578313171,-2.531645569620253,10.63829787234043,0.1724137931034483,0.3448275862068966,2000,1
HistGBM (tuned),Recall@2%,moving block (24 h),4.705882352941174,3.547639527744748,-3.1746031746031704,8.77241179872758,0.15642178910544727,0.31284357821089454,2000,96
HistGBM (tuned),Precision@2%,i.i.d.,3.030303030303024,2.472727272727273,-1.5151515151515156,6.81818181818182,0.1724137931034483,0.3448275862068966,2000,1
HistGBM (tuned),Precision@2%,moving block (24 h),3.030303030303024,2.4670454545454548,-1.5151515151515156,6.81818181818182,0.15642178910544727,0.31284357821089454,2000,96
HistGBM,PR_AUC,i.i.d.,0.055006303078811825,0.05447754605508352,-0.0052276626152514515,0.11109235416498502,0.03498250874562719,0.06996501749125437,2000,1
HistGBM,PR_AUC,moving block (24 h),0.055006303078811825,0.05416451957517711,0.006169060040884972,0.09862939294937179,0.018490754622688656,0.03698150924537731,2000,96
HistGBM,Recall@2%,i.i.d.,8.23529411764705,7.108972470382856,-0.02403846153846013,15.294117647058826,0.04697651174412794,0.09395302348825588,2000,1
HistGBM,Recall@2%,moving block (24 h),8.23529411764705,5.931519011290443,-2.704579579579579,12.822580645161283,0.08395802098950525,0.1679160419790105,2000,96
HistGBM,Precision@2%,i.i.d.,5.3030303030303045,4.570075757575758,-0.01893939393939269,9.848484848484851,0.04697651174412794,0.09395302348825588,2000,1
HistGBM,Precision@2%,moving block (24 h),5.3030303030303045,3.9916666666666667,-1.5151515151515138,9.090909090909086,0.08395802098950525,0.1679160419790105,2000,96
GBM,PR_AUC,i.i.d.,0.3706174046246182,0.36257994034625224,0.28563296391424586,0.436487594872481,0.0004997501249375312,0.0009995002498750624,2000,1
GBM,PR_AUC,moving block (24 h),0.3706174046246182,0.3377290036508233,0.15822793138648464,0.48933867025175865,0.0004997501249375312,0.0009995002498750624,2000,96
GBM,Recall@2%,i.i.d.,35.29411764705882,33.01266797153446,22.5,43.334337349397586,0.0004997501249375312,0.0009995002498750624,2000,1
GBM,Recall@2%,moving block (24 h),35.29411764705882,24.183459871479847,-1.429089026915116,46.87569137168141,0.06546726636681659,0.13093453273363317,2000,96
GBM,Precision@2%,i.i.d.,22.727272727272727,21.183333333333337,13.636363636363633,29.54545454545454,0.0004997501249375312,0.0009995002498750624,2000,1
GBM,Precision@2%,moving block (24 h),22.727272727272727,16.46212121212121,-0.7575757575757578,36.36363636363636,0.06546726636681659,0.13093453273363317,2000,96
RF,PR_AUC,i.i.d.,0.20429791125309704,0.19821999671193868,0.10987545870145486,0.28740440946677465,0.0004997501249375312,0.0009995002498750624,2000,1
RF,PR_AUC,moving block (24 h),0.20429791125309704,0.19578415246284478,0.05726135306675839,0.3441119450563965,0.0034982508745627187,0.0069965017491254375,2000,96
RF,Recall@2%,i.i.d.,10.588235294117638,9.233057046311151,1.0101010101010175,18.292682926829272,0.02448775612193903,0.04897551224387806,2000,1
RF,Recall@2%,moving block (24 h),10.588235294117638,8.330583595226122,-4.168133802816892,21.250664893617024,0.12543728135932034,0.25087456271864067,2000,96
RF,Precision@2%,i.i.d.,6.81818181818182,5.921212121212121,0.7575757575757507,12.121212121212118,0.02448775612193903,0.04897551224387806,2000,1
RF,Precision@2%,moving block (24 h),6.81818181818182,5.786742424242424,-2.2727272727272663,16.666666666666664,0.12543728135932034,0.25087456271864067,2000,96
CART,PR_AUC,i.i.d.,0.3839820464838002,0.38309055134856196,0.2967038430806179,0.46567492731962673,0.0004997501249375312,0.0009995002498750624,2000,1
CART,PR_AUC,moving block (24 h),0.3839820464838002,0.3767977676863227,0.26417026992731646,0.47157762327323594,0.0004997501249375312,0.0009995002498750624,2000,96
CART,Recall@2%,i.i.d.,18.823529411764703,18.974521406026565,8.69460702341138,30.112414467253146,0.0014992503748125937,0.0029985007496251873,2000,1
CART,Recall@2%,moving block (24 h),18.823529411764703,17.864648743655483,7.084887415388882,29.824561403508774,0.0014992503748125937,0.0029985007496251873,2000,96
CART,Precision@2%,i.i.d.,12.121212121212118,12.130681818181818,5.3030303030303045,19.696969696969695,0.0014992503748125937,0.0029985007496251873,2000,1
CART,Precision@2%,moving block (24 h),12.121212121212118,11.431818181818182,3.787878787878789,20.454545454545453,0.0014992503748125937,0.0029985007496251873,2000,96
Transformer classifier,PR_AUC,i.i.d.,0.0763791574960091,0.0742055496910062,0.0023551433877710753,0.15116845974370843,0.021989005497251374,0.04397801099450275,2000,1
Transformer classifier,PR_AUC,moving block (24 h),0.0763791574960091,0.0784687268275377,-0.039353061978625335,0.21943341577157746,0.11494252873563218,0.22988505747126436,2000,96
Transformer classifier,Recall@2%,i.i.d.,9.411764705882348,7.582079696803859,-1.7865259740259798,16.901408450704224,0.07496251874062969,0.14992503748125938,2000,1
Transformer classifier,Recall@2%,moving block (24 h),9.411764705882348,5.853747074212233,-7.938095238095231,22.22222222222222,0.2538730634682659,0.5077461269365318,2000,96
Transformer classifier,Precision@2%,i.i.d.,6.060606060606062,4.8352272727272725,-1.5151515151515085,10.606060606060609,0.07496251874062969,0.14992503748125938,2000,1
Transformer classifier,Precision@2%,moving block (24 h),6.060606060606062,3.868181818181818,-3.7878787878787907,14.393939393939398,0.2538730634682659,0.5077461269365318,2000,96
LSTM classifier,PR_AUC,i.i.d.,0.06353312106225817,0.062264844812036535,0.008853712883332537,0.11656308109085894,0.010494752623688156,0.020989505247376312,2000,1
LSTM classifier,PR_AUC,moving block (24 h),0.06353312106225817,0.0638019221697185,-0.031357456889072724,0.1723577540741086,0.11294352823588207,0.22588705647176413,2000,96
LSTM classifier,Recall@2%,i.i.d.,7.058823529411761,5.797075535187672,-1.7040887646339318,13.096804511278208,0.09245377311344327,0.18490754622688654,2000,1
LSTM classifier,Recall@2%,moving block (24 h),7.058823529411761,4.156099552287629,-8.824460163812358,14.285714285714285,0.23088455772113944,0.4617691154422789,2000,96
LSTM classifier,Precision@2%,i.i.d.,4.545454545454547,3.7579545454545453,-0.7765151515151574,8.333333333333336,0.09245377311344327,0.18490754622688654,2000,1
LSTM classifier,Precision@2%,moving block (24 h),4.545454545454547,3.116287878787879,-3.787878787878789,10.606060606060609,0.23088455772113944,0.4617691154422789,2000,96
GRU classifier,PR_AUC,i.i.d.,0.10332932173397891,0.10221194496413273,0.03658992429685046,0.17134248507114921,0.0034982508745627187,0.0069965017491254375,2000,1
GRU classifier,PR_AUC,moving block (24 h),0.10332932173397891,0.10272807264459348,0.00808727593805974,0.23896502570192915,0.013993003498250875,0.02798600699650175,2000,96
GRU classifier,Recall@2%,i.i.d.,11.764705882352942,10.265170604827842,0.0,20.271988089784696,0.029985007496251874,0.05997001499250375,2000,1
GRU classifier,Recall@2%,moving block (24 h),11.764705882352942,8.797205399037862,-6.25,24.706791995148574,0.12093953023488256,0.24187906046976512,2000,96
GRU classifier,Precision@2%,i.i.d.,7.575757575757571,6.556439393939393,0.0,12.878787878787882,0.029985007496251874,0.05997001499250375,2000,1
GRU classifier,Precision@2%,moving block (24 h),7.575757575757571,5.858333333333333,-2.291666666666673,15.90909090909091,0.12093953023488256,0.24187906046976512,2000,96
TCN classifier,PR_AUC,i.i.d.,0.10180917289163027,0.1003717002391516,0.04331417555333845,0.1606506672579144,0.0014992503748125937,0.0029985007496251873,2000,1
TCN classifier,PR_AUC,moving block (24 h),0.10180917289163027,0.10112002777717681,0.03523383529352787,0.18086284385343773,0.0009995002498750624,0.001999000499750125,2000,96
TCN classifier,Recall@2%,i.i.d.,10.588235294117638,9.180045610023074,0.0,17.33333333333332,0.026986506746626688,0.053973013493253376,2000,1
TCN classifier,Recall@2%,moving block (24 h),10.588235294117638,8.666939412352189,-3.0351906158357846,18.0,0.08045977011494253,0.16091954022988506,2000,96
TCN classifier,Precision@2%,i.i.d.,6.81818181818182,5.95530303030303,0.0,12.121212121212118,0.026986506746626688,0.053973013493253376,2000,1
TCN classifier,Precision@2%,moving block (24 h),6.81818181818182,6.195833333333334,-1.515151515151512,15.928030303030203,0.08045977011494253,0.16091954022988506,2000,96
AERIS-DB,PR_AUC,i.i.d.,0.036506677481705885,0.036515413852107645,-0.011800232046872158,0.08684714710155887,0.07296351824087956,0.14592703648175911,2000,1
AERIS-DB,PR_AUC,moving block (24 h),0.036506677481705885,0.039384867450029955,-0.047954877394654344,0.1437136057197144,0.21889055472263869,0.43778110944527737,2000,96
AERIS-DB,Recall@2%,i.i.d.,3.529411764705884,2.9264092430861455,-3.846153846153854,9.463936828394635,0.24387806096951525,0.4877561219390305,2000,1
AERIS-DB,Recall@2%,moving block (24 h),3.529411764705884,2.2657465053121357,-4.166666666666671,9.210526315789473,0.31284357821089454,0.6256871564217891,2000,96
AERIS-DB,Precision@2%,i.i.d.,2.2727272727272734,1.8856060606060605,-2.2727272727272734,6.060606060606062,0.24387806096951525,0.4877561219390305,2000,1
AERIS-DB,Precision@2%,moving block (24 h),2.2727272727272734,1.4772727272727275,-2.272727272727277,6.060606060606062,0.31284357821089454,0.6256871564217891,2000,96
Logistic Regression,PR_AUC,i.i.d.,0.2771207583638922,0.2692444330429535,0.1804763892950779,0.36256287934452097,0.0004997501249375312,0.0009995002498750624,2000,1
Logistic Regression,PR_AUC,moving block (24 h),0.2771207583638922,0.24086439800393145,0.0341026960297639,0.42528434407886206,0.0034982508745627187,0.0069965017491254375,2000,96
Logistic Regression,Recall@2%,i.i.d.,14.117647058823522,12.756554857491786,3.920932009167297,22.536347114947745,0.0029985007496251873,0.005997001499250375,2000,1
Logistic Regression,Recall@2%,moving block (24 h),14.117647058823522,12.11237902430442,-2.0833333333333286,30.360926150121042,0.06746626686656672,0.13493253373313344,2000,96
Logistic Regression,Precision@2%,i.i.d.,9.090909090909086,8.154166666666667,2.2727272727272734,14.393939393939398,0.0029985007496251873,0.005997001499250375,2000,1
Logistic Regression,Precision@2%,moving block (24 h),9.090909090909086,7.8090909090909095,-0.7575757575757615,18.939393939393938,0.06746626686656672,0.13493253373313344,2000,96
VAE reconstruction (unsupervised),PR_AUC,i.i.d.,0.5539224256244388,0.5485939486131469,0.44468978380686164,0.6447715843774197,0.0004997501249375312,0.0009995002498750624,2000,1
VAE reconstruction (unsupervised),PR_AUC,moving block (24 h),0.5539224256244388,0.5245032301286537,0.3331203667745977,0.6488670619524538,0.0004997501249375312,0.0009995002498750624,2000,96
VAE reconstruction (unsupervised),Recall@2%,i.i.d.,50.58823529411764,49.593079097404384,38.95788677342076,61.448100092678395,0.0004997501249375312,0.0009995002498750624,2000,1
VAE reconstruction (unsupervised),Recall@2%,moving block (24 h),50.58823529411764,47.289522751294456,30.476190476190474,64.55842259006815,0.0004997501249375312,0.0009995002498750624,2000,96
VAE reconstruction (unsupervised),Precision@2%,i.i.d.,32.57575757575758,31.754545454545458,22.727272727272734,40.90909090909091,0.0004997501249375312,0.0009995002498750624,2000,1
VAE reconstruction (unsupervised),Precision@2%,moving block (24 h),32.57575757575758,30.379545454545458,13.636363636363637,46.96969696969697,0.0004997501249375312,0.0009995002498750624,2000,96
Isolation Forest,PR_AUC,i.i.d.,0.32289128580067333,0.3181173376683934,0.21190004998991976,0.4161637365330305,0.0004997501249375312,0.0009995002498750624,2000,1
Isolation Forest,PR_AUC,moving block (24 h),0.32289128580067333,0.30860663188228304,0.1960444265698202,0.3926143943624811,0.0004997501249375312,0.0009995002498750624,2000,96
Isolation Forest,Recall@2%,i.i.d.,22.352941176470587,21.04034964371144,10.52478580171358,31.6471133065761,0.0004997501249375312,0.0009995002498750624,2000,1
Isolation Forest,Recall@2%,moving block (24 h),22.352941176470587,18.991196690318297,1.9173728813559292,30.909559512652297,0.022488755622188907,0.044977511244377814,2000,96
Isolation Forest,Precision@2%,i.i.d.,14.393939393939391,13.49810606060606,6.060606060606062,21.21212121212121,0.0004997501249375312,0.0009995002498750624,2000,1
Isolation Forest,Precision@2%,moving block (24 h),14.393939393939391,12.89128787878788,0.7575757575757578,24.26136363636354,0.022488755622188907,0.044977511244377814,2000,96
