Column,Family
wind_measured,Renewable measurement
wind_mostrecentforecast,Forecasts and uncertainty bands
wind_mostrecentconfidence10,Forecasts and uncertainty bands
wind_mostrecentconfidence90,Forecasts and uncertainty bands
wind_dayahead11hforecast,Forecasts and uncertainty bands
wind_dayahead11hconfidence10,Forecasts and uncertainty bands
wind_dayahead11hconfidence90,Forecasts and uncertainty bands
wind_dayaheadforecast,Forecasts and uncertainty bands
wind_dayaheadconfidence10,Forecasts and uncertainty bands
wind_dayaheadconfidence90,Forecasts and uncertainty bands
wind_weekaheadforecast,Forecasts and uncertainty bands
wind_weekaheadconfidence10,Forecasts and uncertainty bands
wind_weekaheadconfidence90,Forecasts and uncertainty bands
wind_monitoredcapacity,Renewable measurement
wind_loadfactor_weighted,Renewable measurement
wind_mostrecent_error,Forecast deviations
wind_dayahead11h_error,Forecast deviations
wind_dayahead_error,Forecast deviations
wind_weekahead_error,Forecast deviations
wind_recent_bandwidth,Forecasts and uncertainty bands
wind_dayahead_bandwidth,Forecasts and uncertainty bands
wind_weekahead_bandwidth,Forecasts and uncertainty bands
wind_ramp_abs,Ramp indicators
wind_recent_error_ratio,Forecast deviations
wind_dayahead_error_ratio,Forecast deviations
wind_ramp_ratio,Ramp indicators
solar_measured,Renewable measurement
solar_mostrecentforecast,Forecasts and uncertainty bands
solar_mostrecentconfidence10,Forecasts and uncertainty bands
solar_mostrecentconfidence90,Forecasts and uncertainty bands
solar_dayahead11hforecast,Forecasts and uncertainty bands
solar_dayahead11hconfidence10,Forecasts and uncertainty bands
solar_dayahead11hconfidence90,Forecasts and uncertainty bands
solar_dayaheadforecast,Forecasts and uncertainty bands
solar_dayaheadconfidence10,Forecasts and uncertainty bands
solar_dayaheadconfidence90,Forecasts and uncertainty bands
solar_weekaheadforecast,Forecasts and uncertainty bands
solar_weekaheadconfidence10,Forecasts and uncertainty bands
solar_weekaheadconfidence90,Forecasts and uncertainty bands
solar_monitoredcapacity,Renewable measurement
solar_loadfactor_weighted,Renewable measurement
solar_mostrecent_error,Forecast deviations
solar_dayahead11h_error,Forecast deviations
solar_dayahead_error,Forecast deviations
solar_weekahead_error,Forecast deviations
solar_recent_bandwidth,Forecasts and uncertainty bands
solar_dayahead_bandwidth,Forecasts and uncertainty bands
solar_weekahead_bandwidth,Forecasts and uncertainty bands
solar_ramp_abs,Ramp indicators
solar_recent_error_ratio,Forecast deviations
solar_dayahead_error_ratio,Forecast deviations
solar_ramp_ratio,Ramp indicators
ace,Balancing and market state
systemimbalance,Balancing and market state
alpha,Balancing and market state
alpha_prime,Balancing and market state
marginalincrementalprice,Balancing and market state
marginaldecrementalprice,Balancing and market state
imbalanceprice,Balancing and market state
systemimbalance_abs,Balancing and market state
price_spread,Balancing and market state
imbalanceprice_abs,Balancing and market state
month,Calendar encodings
day_of_year,Calendar encodings
day_of_week,Calendar encodings
is_weekend,Calendar encodings
hour,Calendar encodings
minute,Calendar encodings
quarter_index,Calendar encodings
quarter_sin,Calendar encodings
quarter_cos,Calendar encodings
dayofweek_sin,Calendar encodings
dayofweek_cos,Calendar encodings
month_sin,Calendar encodings
month_cos,Calendar encodings
renewable_measured_total,Renewable measurement
renewable_capacity_total,Renewable measurement
renewable_recent_error_abs,Composite renewable stress
renewable_dayahead_error_abs,Composite renewable stress
renewable_recent_error_ratio,Composite renewable stress
renewable_dayahead_error_ratio,Composite renewable stress
renewable_ramp_abs,Composite renewable stress
renewable_ramp_ratio,Composite renewable stress
renewable_uncertainty_total,Composite renewable stress
wind_solar_ratio,Composite renewable stress
intermittency_index,Composite renewable stress
imbalance_stress_index,Balancing and market state
wind_measured_mean_1h,Rolling statistics
wind_measured_std_1h,Rolling statistics
wind_measured_mean_4h,Rolling statistics
wind_measured_std_4h,Rolling statistics
wind_measured_mean_1d,Rolling statistics
wind_measured_std_1d,Rolling statistics
solar_measured_mean_1h,Rolling statistics
solar_measured_std_1h,Rolling statistics
solar_measured_mean_4h,Rolling statistics
solar_measured_std_4h,Rolling statistics
solar_measured_mean_1d,Rolling statistics
solar_measured_std_1d,Rolling statistics
wind_mostrecent_error_mean_1h,Rolling statistics
wind_mostrecent_error_std_1h,Rolling statistics
wind_mostrecent_error_mean_4h,Rolling statistics
wind_mostrecent_error_std_4h,Rolling statistics
wind_mostrecent_error_mean_1d,Rolling statistics
wind_mostrecent_error_std_1d,Rolling statistics
solar_mostrecent_error_mean_1h,Rolling statistics
solar_mostrecent_error_std_1h,Rolling statistics
solar_mostrecent_error_mean_4h,Rolling statistics
solar_mostrecent_error_std_4h,Rolling statistics
solar_mostrecent_error_mean_1d,Rolling statistics
solar_mostrecent_error_std_1d,Rolling statistics
renewable_measured_total_mean_1h,Rolling statistics
renewable_measured_total_std_1h,Rolling statistics
renewable_measured_total_mean_4h,Rolling statistics
renewable_measured_total_std_4h,Rolling statistics
renewable_measured_total_mean_1d,Rolling statistics
renewable_measured_total_std_1d,Rolling statistics
renewable_recent_error_ratio_mean_1h,Rolling statistics
renewable_recent_error_ratio_std_1h,Rolling statistics
renewable_recent_error_ratio_mean_4h,Rolling statistics
renewable_recent_error_ratio_std_4h,Rolling statistics
renewable_recent_error_ratio_mean_1d,Rolling statistics
renewable_recent_error_ratio_std_1d,Rolling statistics
renewable_ramp_ratio_mean_1h,Rolling statistics
renewable_ramp_ratio_std_1h,Rolling statistics
renewable_ramp_ratio_mean_4h,Rolling statistics
renewable_ramp_ratio_std_4h,Rolling statistics
renewable_ramp_ratio_mean_1d,Rolling statistics
renewable_ramp_ratio_std_1d,Rolling statistics
systemimbalance_mean_1h,Rolling statistics
systemimbalance_std_1h,Rolling statistics
systemimbalance_mean_4h,Rolling statistics
systemimbalance_std_4h,Rolling statistics
systemimbalance_mean_1d,Rolling statistics
systemimbalance_std_1d,Rolling statistics
imbalanceprice_mean_1h,Rolling statistics
imbalanceprice_std_1h,Rolling statistics
imbalanceprice_mean_4h,Rolling statistics
imbalanceprice_std_4h,Rolling statistics
imbalanceprice_mean_1d,Rolling statistics
imbalanceprice_std_1d,Rolling statistics
intermittency_index_zscore,Label-related inputs
renewable_ramp_ratio_zscore,Label-related inputs
renewable_recent_error_ratio_zscore,Label-related inputs
systemimbalance_abs_zscore,Label-related inputs
event_proxy_score,Label-related inputs
