Model,Seed,PR_AUC,ROC_AUC,F1,Precision,Recall,Accuracy,Precision@1%,Recall@1%,Precision@2%,Recall@2%,Valid_PR_AUC,Params,Train_s,Infer_ms_per_sample
AERIS (common recipe),42,0.5266645620068948,0.9682192176732507,46.82926829268293,40.0,56.470588235294116,98.34798423764776,57.575756311416626,44.70588266849518,40.15151560306549,62.352943420410156,0.5758786128376598,393660,439.0375510000158,0.20915935872759897
AERIS (common recipe),7,0.6191807296069775,0.9641206275232341,58.88888888888889,55.78947368421052,62.35294117647059,98.87844801454987,65.15151262283325,50.58823823928833,44.69696879386902,69.41176652908325,0.5468031868270222,393660,400.2856514999876,
AERIS (common recipe),13,0.6002061011934908,0.962209517616351,56.774193548387096,62.857142857142854,51.76470588235295,98.98454076993029,60.60606241226196,47.05882370471954,46.21212184429169,71.76470756530762,0.5885848489710416,393660,446.55834580003284,
TCN classifier,42,0.5245437485378206,0.9666729888639012,44.329896907216494,39.44954128440367,50.588235294117645,98.36314034555926,54.54545617103577,42.35294163227081,37.87878751754761,58.82353186607361,0.5460658034012,326306,289.7288169999956,0.18593857420986146
TCN classifier,7,0.5988040428085025,0.9726032098698532,52.17391304347826,48.484848484848484,56.470588235294116,98.66626250378903,63.63636255264282,49.41176474094391,45.45454680919647,70.58823704719543,0.5684480894786278,326306,321.2325216999743,
TCN classifier,13,0.584762582644349,0.9748719755060016,54.77707006369427,59.72222222222222,50.588235294117645,98.92391633828433,60.60606241226196,47.05882370471954,43.939393758773804,68.23529601097107,0.574152522637081,326306,338.52330749999965,
LSTM classifier,42,0.5628198037851228,0.9703019300764987,51.470588235294116,68.62745098039215,41.17647058823529,98.99969687784177,59.090906381607056,45.88235318660736,40.15151560306549,62.352943420410156,0.5713652928612016,195938,146.25840019999305,0.07762888997338753
LSTM classifier,7,0.5946028383051224,0.9713116752919501,54.7486033519553,52.12765957446809,57.647058823529406,98.77235525916944,59.090906381607056,45.88235318660736,43.939393758773804,68.23529601097107,0.5632600107589175,195938,182.05019769998034,
LSTM classifier,13,0.585497282689765,0.9732968452235801,54.81481481481482,74.0,43.529411764705884,99.07547741739921,62.12121248245239,48.235294222831726,40.909090638160706,63.52941393852234,0.5711084879502643,195938,158.57510529999854,
GRU classifier,42,0.5230236018117889,0.9678200160764445,49.36708860759494,53.42465753424658,45.88235294117647,98.78751136708094,59.090906381607056,45.88235318660736,37.12121248245239,57.647061347961426,0.552185295314916,158690,153.16126209998038,0.09036139323370662
GRU classifier,7,0.5530321251984728,0.9689128530269777,45.02164502164502,35.61643835616438,61.1764705882353,98.07517429524098,59.090906381607056,45.88235318660736,37.87878751754761,58.82353186607361,0.5447579656302548,158690,143.73307169997133,
GRU classifier,13,0.5741067796589311,0.9669620035946207,51.57232704402516,55.4054054054054,48.23529411764706,98.8329796908154,59.090906381607056,45.88235318660736,41.66666567325592,64.70588445663452,0.5401667145135076,158690,144.07017370004905,
Transformer classifier,42,0.5499737674476038,0.968081935676159,52.4390243902439,54.43037974683544,50.588235294117645,98.81782358290391,57.575756311416626,44.70588266849518,38.63636255264282,60.00000238418579,0.4213082681824585,202658,207.61742879997473,0.09032555339179756
Transformer classifier,7,0.5116005889148751,0.971886092069255,50.256410256410255,44.54545454545455,57.647058823529406,98.52985753258562,57.575756311416626,44.70588266849518,40.909090638160706,63.52941393852234,0.4707357568733488,202658,218.09389190003276,
Transformer classifier,13,0.5227509448299732,0.9658854237226903,47.87234042553192,43.689320388349515,52.94117647058824,98.51470142467414,60.60606241226196,47.05882370471954,35.606059432029724,55.29412031173706,0.46536742444976553,202658,207.5785998000065,
