Family,Inputs,Definition,Availability of the value for interval t,Class,Example columns
Rolling statistics,54,"Trailing rolling mean and standard deviation over 4, 16 and 96 intervals (1 h, 4 h, 1 d) of nine base series",Follows the underlying series,ex post,"wind_measured_mean_1h, wind_measured_std_1h, wind_measured_mean_4h"
Forecasts and uncertainty bands,30,"Published forecast levels and the width of the 10-90% confidence band, bw_h = c90_h - c10_h, for the most-recent, day-ahead-11h, day-ahead and week-ahead vintages",Issued before interval t,ex ante,"wind_mostrecentforecast, wind_mostrecentconfidence10, wind_mostrecentconfidence90"
Calendar encodings,13,"Deterministic functions of the timestamp, including sine/cosine encodings of the quarter-hour, weekday and month",Known arbitrarily far ahead,ex ante,"month, day_of_year, day_of_week"
Forecast deviations,12,e_h = measured - forecast_h; the ratios divide |e_h| by monitored capacity,Requires the measurement of interval t,ex post,"wind_mostrecent_error, wind_dayahead11h_error, wind_dayahead_error"
Balancing and market state,11,ODS134 settlement quantities; price_spread = |MIP - MDP|; imbalance_stress_index = |SI| x F,Settled after interval t,ex post,"ace, systemimbalance, alpha"
Composite renewable stress,9,I_t = ramp ratio (wind) + ramp ratio (solar) + recent error ratio (wind) + recent error ratio (solar); R_t and F_t are the system-level ramp and forecast-error ratios; wind_solar_ratio = wind / (solar + 1e-6),Requires the measurement of interval t,ex post,"renewable_recent_error_abs, renewable_dayahead_error_abs, renewable_recent_error_ratio"
Renewable measurement,8,Wind: sum over the disjoint ODS031 region / grid-connection records of the quarter-hour; photovoltaic: the national ODS032 record; the load factor is the capacity-weighted mean of the record-level load factors,Published for interval t shortly after it ends,ex post,"wind_measured, wind_monitoredcapacity, wind_loadfactor_weighted"
Label-related inputs,5,The four standardised constituents of the composite score and their weighted sum at time t,Requires the measurement of interval t,ex post,"intermittency_index_zscore, renewable_ramp_ratio_zscore, renewable_recent_error_ratio_zscore"
Ramp indicators,4,ramp = |measured_t - measured_{t-1}|; the ratio divides it by monitored capacity,Requires the measurement of interval t,ex post,"wind_ramp_abs, wind_ramp_ratio, solar_ramp_abs"
