Variant,Seed,PR_AUC,ROC_AUC,F1,Precision@2%,Recall@2%,Params,Train_s
AERIS (full),42,0.6188646677019957,0.9555477280732652,56.55172413793104,43.18181872367859,67.05882549285889,691508,416.67371519998414
AERIS (full),7,0.6063648812235877,0.9566152762348605,55.10204081632652,43.18181872367859,67.05882549285889,691508,385.8379789000028
w/o attention (mean pooling),42,0.6167951932490732,0.9575997326613741,53.79310344827586,43.18181872367859,67.05882549285889,625332,354.7906036999775
w/o attention (mean pooling),7,0.5770237871349612,0.9580188040209173,50.29239766081871,41.66666567325592,64.70588445663452,625332,350.2462109999615
w/o context gate,42,0.6207916756737786,0.9574823204270193,57.324840764331206,43.939393758773804,68.23529601097107,642100,412.54021290002856
w/o context gate,7,0.5967034194332759,0.9580513181781234,53.65853658536586,43.18181872367859,67.05882549285889,642100,403.56078790000174
w/o variational latent (deterministic AE),42,0.5953141957656327,0.9619801121738424,51.724137931034484,42.424243688583374,65.8823549747467,689444,387.6780539000174
w/o variational latent (deterministic AE),7,0.5905581764996851,0.9597456670369668,53.0,41.66666567325592,64.70588445663452,689444,422.32501910004066
w/o latent bottleneck and reconstruction,42,0.5808056134973486,0.9553092909204217,51.76470588235295,40.15151560306549,62.352943420410156,687874,391.53998290002346
w/o latent bottleneck and reconstruction,7,0.5980087076143461,0.9615321393412272,53.84615384615385,40.909090638160706,63.52941393852234,687874,370.92852600000333
w/o reconstruction term,42,0.6056140750409544,0.9549751176380271,54.08163265306123,44.69696879386902,69.41176652908325,691508,362.42953550000675
w/o reconstruction term,7,0.5959472292036284,0.9556416578607491,53.80116959064327,42.424243688583374,65.8823549747467,691508,390.41701810003724
w/o focal loss (weighted BCE),42,0.6061934390859695,0.9568952592552452,56.19047619047619,45.45454680919647,70.58823704719543,691508,359.2683470000047
w/o focal loss (weighted BCE),7,0.5922585229617486,0.9549028639553472,54.54545454545454,42.424243688583374,65.8823549747467,691508,465.9704115000204
w/o ranking loss,42,0.6188646677019957,0.9555477280732652,56.55172413793104,43.18181872367859,67.05882549285889,691508,674.5180598000297
w/o ranking loss,7,0.6063648812235877,0.9566152762348605,55.10204081632652,43.18181872367859,67.05882549285889,691508,643.1769795999862
Strictly causal TCN blocks,42,0.5922934642814622,0.9544585038068659,54.19354838709678,45.45454680919647,70.58823704719543,691508,544.9635788999731
Strictly causal TCN blocks,7,0.6126633497525116,0.9554899251271213,58.95953757225434,46.21212184429169,71.76470756530762,691508,617.8901618999662
w/o auxiliary score regression,42,0.5673727953193921,0.9711274284011163,50.66666666666667,40.909090638160706,63.52941393852234,691508,552.3708603000268
w/o auxiliary score regression,7,0.5502463437028234,0.9642416524417229,49.740932642487046,37.12121248245239,57.647061347961426,691508,531.1033779000281
Full-window reconstruction target,42,0.6107902579012732,0.9558584189087888,53.179190751445084,40.909090638160706,63.52941393852234,748010,536.8688044000301
Full-window reconstruction target,7,0.5969660550200933,0.9551123996351188,56.00000000000001,41.66666567325592,64.70588445663452,748010,4962.369621999969
latent=2,42,0.6121012091458087,0.9619927565683114,58.44155844155844,43.939393758773804,68.23529601097107,683416,421.18076729995664
latent=4,42,0.5998332748642289,0.9585318051679448,54.7486033519553,44.69696879386902,69.41176652908325,684572,324.34089609998045
latent=8,42,0.6047514877321355,0.9571752422756298,57.6271186440678,43.939393758773804,68.23529601097107,686884,361.42976109997835
latent=16,42,0.6188646677019957,0.9555477280732652,56.55172413793104,43.18181872367859,67.05882549285889,691508,945.7761480999761
seq=4,42,0.6188646677019957,0.9555477280732652,56.55172413793104,43.18181872367859,67.05882549285889,691508,726.6414038999937
seq=8,42,0.5783984159542793,0.9557735208316399,52.83018867924528,41.66666567325592,64.70588445663452,691508,771.5701279999921
seq=16,42,0.6017772043854971,0.9555346565989962,53.63128491620112,43.939393758773804,68.23529601097107,691508,1367.7528597000055
seq=24,42,0.6242432011418596,0.9580765783302702,57.30337078651685,45.45454680919647,70.58823704719543,691508,2308.8898584999843
hidden=48,42,0.5976250174983508,0.9568446816773691,53.84615384615385,42.424243688583374,65.8823549747467,109668,264.20206560002407
hidden=96,42,0.5996406301500328,0.9598865617181925,55.00000000000001,42.424243688583374,65.8823549747467,398868,393.0607403999893
hidden=128,42,0.6188646677019957,0.9555477280732652,56.55172413793104,43.18181872367859,67.05882549285889,691508,511.9032508000382
hidden=192,42,0.6140586908014989,0.9571716295914957,57.831325301204814,43.939393758773804,68.23529601097107,1516404,736.5183925000019
