Components,Bandwidth,alpha,Valid PR_AUC,Confidence spread
2,0.1,0.0,0.6477434334022752,0.9257670835677497
2,0.1,0.1,0.6465467130827189,0.9257670835677497
2,0.1,0.2,0.6445183608671604,0.9257670835677497
2,0.1,0.3,0.6408878714997991,0.9257670835677497
2,0.1,0.4,0.639147195768493,0.9257670835677497
2,0.1,0.5,0.636545404722386,0.9257670835677497
2,0.1,0.6,0.6342741528112742,0.9257670835677497
2,0.1,0.7,0.6306066742498367,0.9257670835677497
2,0.1,0.8,0.627729073099128,0.9257670835677497
2,0.1,0.9,0.6223762831114172,0.9257670835677497
2,0.1,1.0,0.6204904973644477,0.9257670835677497
2,0.1,1.1,0.6195563892117185,0.9257670835677497
2,0.1,1.2,0.616949429506523,0.9257670835677497
2,0.1,1.3,0.6138024735610457,0.9257670835677497
2,0.1,1.4,0.613326490917909,0.9257670835677497
2,0.1,1.5,0.6127270957187676,0.9257670835677497
2,0.1,1.6,0.6120358538588291,0.9257670835677497
2,0.1,1.7,0.6114688912620327,0.9257670835677497
2,0.1,1.8,0.6111799779945245,0.9257670835677497
2,0.1,1.9,0.6105753880261005,0.9257670835677497
2,0.1,2.0,0.6090132197208856,0.9257670835677497
2,0.2,0.0,0.6477434334022752,0.9203228458908556
2,0.2,0.1,0.6457980790202463,0.9203228458908556
2,0.2,0.2,0.6422533702081412,0.9203228458908556
2,0.2,0.3,0.641297037468239,0.9203228458908556
2,0.2,0.4,0.637614506637696,0.9203228458908556
2,0.2,0.5,0.6344564745509569,0.9203228458908556
2,0.2,0.6,0.6304066198648326,0.9203228458908556
2,0.2,0.7,0.6291434033945034,0.9203228458908556
2,0.2,0.8,0.6283346785595257,0.9203228458908556
2,0.2,0.9,0.6266766450896721,0.9203228458908556
2,0.2,1.0,0.6224312405767184,0.9203228458908556
2,0.2,1.1,0.6217788561961083,0.9203228458908556
2,0.2,1.2,0.6203915914668933,0.9203228458908556
2,0.2,1.3,0.6188330572311581,0.9203228458908556
2,0.2,1.4,0.618066035635345,0.9203228458908556
2,0.2,1.5,0.6180446442088722,0.9203228458908556
2,0.2,1.6,0.6159878425293921,0.9203228458908556
2,0.2,1.7,0.6138564307815242,0.9203228458908556
2,0.2,1.8,0.6129407278929454,0.9203228458908556
2,0.2,1.9,0.6132538147355426,0.9203228458908556
2,0.2,2.0,0.6116165974385633,0.9203228458908556
2,0.35,0.0,0.6477434334022752,0.9162894361016142
2,0.35,0.1,0.6459776572241421,0.9162894361016142
2,0.35,0.2,0.6446227628407968,0.9162894361016142
2,0.35,0.3,0.6434021659079382,0.9162894361016142
2,0.35,0.4,0.64191767250943,0.9162894361016142
2,0.35,0.5,0.6407303630651598,0.9162894361016142
2,0.35,0.6,0.6373514789954661,0.9162894361016142
2,0.35,0.7,0.6367405759409073,0.9162894361016142
2,0.35,0.8,0.6345009495748726,0.9162894361016142
2,0.35,0.9,0.6328600057825307,0.9162894361016142
2,0.35,1.0,0.6324956399970811,0.9162894361016142
2,0.35,1.1,0.6307378374740428,0.9162894361016142
2,0.35,1.2,0.6294521555317323,0.9162894361016142
2,0.35,1.3,0.6282371019036648,0.9162894361016142
2,0.35,1.4,0.6265321280359039,0.9162894361016142
2,0.35,1.5,0.6256176457586884,0.9162894361016142
2,0.35,1.6,0.6253795710505313,0.9162894361016142
2,0.35,1.7,0.6247587321076495,0.9162894361016142
2,0.35,1.8,0.6240681219647221,0.9162894361016142
2,0.35,1.9,0.623444876449652,0.9162894361016142
2,0.35,2.0,0.6214627486850393,0.9162894361016142
2,0.5,0.0,0.6477434334022752,0.9133163110745661
2,0.5,0.1,0.6454652999658939,0.9133163110745661
2,0.5,0.2,0.6465304809699444,0.9133163110745661
2,0.5,0.3,0.6449545322397072,0.9133163110745661
2,0.5,0.4,0.644973855720624,0.9133163110745661
2,0.5,0.5,0.6442294401291293,0.9133163110745661
2,0.5,0.6,0.6413596459738553,0.9133163110745661
2,0.5,0.7,0.6411405799122868,0.9133163110745661
2,0.5,0.8,0.6406820923164105,0.9133163110745661
2,0.5,0.9,0.6395956129242646,0.9133163110745661
2,0.5,1.0,0.6390731708148424,0.9133163110745661
2,0.5,1.1,0.638416932914,0.9133163110745661
2,0.5,1.2,0.6374991988849777,0.9133163110745661
2,0.5,1.3,0.6371516651567088,0.9133163110745661
2,0.5,1.4,0.6371647103230399,0.9133163110745661
2,0.5,1.5,0.6368125665747594,0.9133163110745661
2,0.5,1.6,0.6364307926026644,0.9133163110745661
2,0.5,1.7,0.6364880838868823,0.9133163110745661
2,0.5,1.8,0.6362425255773053,0.9133163110745661
2,0.5,1.9,0.6354901663775779,0.9133163110745661
2,0.5,2.0,0.6353857888193939,0.9133163110745661
2,0.75,0.0,0.6477434334022752,0.9074955641147703
2,0.75,0.1,0.6472550865555404,0.9074955641147703
2,0.75,0.2,0.6457287644622811,0.9074955641147703
2,0.75,0.3,0.6463996165817275,0.9074955641147703
2,0.75,0.4,0.6462010514158602,0.9074955641147703
2,0.75,0.5,0.6449282652112687,0.9074955641147703
2,0.75,0.6,0.6439374043781286,0.9074955641147703
2,0.75,0.7,0.6444370747411461,0.9074955641147703
2,0.75,0.8,0.6441234269856071,0.9074955641147703
2,0.75,0.9,0.6436455976936345,0.9074955641147703
2,0.75,1.0,0.6437432442142285,0.9074955641147703
2,0.75,1.1,0.6435804830461576,0.9074955641147703
2,0.75,1.2,0.6433324425347056,0.9074955641147703
2,0.75,1.3,0.6438406720850288,0.9074955641147703
2,0.75,1.4,0.6429778852605093,0.9074955641147703
2,0.75,1.5,0.6426243703059306,0.9074955641147703
2,0.75,1.6,0.6422084169096854,0.9074955641147703
2,0.75,1.7,0.6419704629683232,0.9074955641147703
2,0.75,1.8,0.6411497877941066,0.9074955641147703
2,0.75,1.9,0.6413981444482325,0.9074955641147703
2,0.75,2.0,0.6413266340031651,0.9074955641147703
2,1.0,0.0,0.6477434334022752,0.9069199809581512
2,1.0,0.1,0.6465728550128932,0.9069199809581512
2,1.0,0.2,0.6461752832161604,0.9069199809581512
2,1.0,0.3,0.6452593201871222,0.9069199809581512
2,1.0,0.4,0.646117634119378,0.9069199809581512
2,1.0,0.5,0.6458440333160453,0.9069199809581512
2,1.0,0.6,0.645465191508904,0.9069199809581512
2,1.0,0.7,0.6450522586571024,0.9069199809581512
2,1.0,0.8,0.644644163732151,0.9069199809581512
2,1.0,0.9,0.6443055985927405,0.9069199809581512
2,1.0,1.0,0.6440800058142613,0.9069199809581512
2,1.0,1.1,0.6446726292096222,0.9069199809581512
2,1.0,1.2,0.6444502843741108,0.9069199809581512
2,1.0,1.3,0.6450881290807975,0.9069199809581512
2,1.0,1.4,0.645078516173063,0.9069199809581512
2,1.0,1.5,0.6447374756537535,0.9069199809581512
2,1.0,1.6,0.645361027448801,0.9069199809581512
2,1.0,1.7,0.6454280681981528,0.9069199809581512
2,1.0,1.8,0.6454046505915366,0.9069199809581512
2,1.0,1.9,0.645196901402802,0.9069199809581512
2,1.0,2.0,0.6446824181536474,0.9069199809581512
2,1.5,0.0,0.6477434334022752,0.9051023499372485
2,1.5,0.1,0.647129711097734,0.9051023499372485
2,1.5,0.2,0.6467159362238138,0.9051023499372485
2,1.5,0.3,0.6486479190547826,0.9051023499372485
2,1.5,0.4,0.6470925901301657,0.9051023499372485
2,1.5,0.5,0.6460159723401566,0.9051023499372485
2,1.5,0.6,0.6458776616088118,0.9051023499372485
2,1.5,0.7,0.6465437192831199,0.9051023499372485
2,1.5,0.8,0.6465633046939793,0.9051023499372485
2,1.5,0.9,0.6464797276289408,0.9051023499372485
2,1.5,1.0,0.6473143074491173,0.9051023499372485
2,1.5,1.1,0.647185591631311,0.9051023499372485
2,1.5,1.2,0.6470765664868356,0.9051023499372485
2,1.5,1.3,0.6464473064269434,0.9051023499372485
2,1.5,1.4,0.6461231078753513,0.9051023499372485
2,1.5,1.5,0.645791961876677,0.9051023499372485
2,1.5,1.6,0.6458079252131327,0.9051023499372485
2,1.5,1.7,0.6458300119062091,0.9051023499372485
2,1.5,1.8,0.6457405379679207,0.9051023499372485
2,1.5,1.9,0.6452452004481906,0.9051023499372485
2,1.5,2.0,0.6457820169520148,0.9051023499372485
3,0.1,0.0,0.6477434334022752,0.9510711039944604
3,0.1,0.1,0.6440701788077701,0.9510711039944604
3,0.1,0.2,0.6394403428881471,0.9510711039944604
3,0.1,0.3,0.6362867213920743,0.9510711039944604
3,0.1,0.4,0.6337818088532493,0.9510711039944604
3,0.1,0.5,0.6311779713630601,0.9510711039944604
3,0.1,0.6,0.6292989404362729,0.9510711039944604
3,0.1,0.7,0.6280965146066577,0.9510711039944604
3,0.1,0.8,0.6273038308595337,0.9510711039944604
3,0.1,0.9,0.6267114282005728,0.9510711039944604
3,0.1,1.0,0.625865496795772,0.9510711039944604
3,0.1,1.1,0.6248707962098179,0.9510711039944604
3,0.1,1.2,0.6241896842552074,0.9510711039944604
3,0.1,1.3,0.6237151929848883,0.9510711039944604
3,0.1,1.4,0.6232215580711692,0.9510711039944604
3,0.1,1.5,0.6228383091279178,0.9510711039944604
3,0.1,1.6,0.6223743503722878,0.9510711039944604
3,0.1,1.7,0.6217648669005531,0.9510711039944604
3,0.1,1.8,0.6214706247484939,0.9510711039944604
3,0.1,1.9,0.6211849982034903,0.9510711039944604
3,0.1,2.0,0.6207504955560373,0.9510711039944604
3,0.2,0.0,0.6477434334022752,0.9318950967239364
3,0.2,0.1,0.6348726234927178,0.9318950967239364
3,0.2,0.2,0.6191461291266257,0.9318950967239364
3,0.2,0.3,0.6088134714345045,0.9318950967239364
3,0.2,0.4,0.6015604732141501,0.9318950967239364
3,0.2,0.5,0.5946551043446635,0.9318950967239364
3,0.2,0.6,0.5876042365265284,0.9318950967239364
3,0.2,0.7,0.5807256290488113,0.9318950967239364
3,0.2,0.8,0.5780465078258733,0.9318950967239364
3,0.2,0.9,0.5736962686281613,0.9318950967239364
3,0.2,1.0,0.5694892060818717,0.9318950967239364
3,0.2,1.1,0.5671657326891144,0.9318950967239364
3,0.2,1.2,0.5640321534420939,0.9318950967239364
3,0.2,1.3,0.5614849605302017,0.9318950967239364
3,0.2,1.4,0.5586843867737084,0.9318950967239364
3,0.2,1.5,0.5563898508409075,0.9318950967239364
3,0.2,1.6,0.5555521504668776,0.9318950967239364
3,0.2,1.7,0.553760890865084,0.9318950967239364
3,0.2,1.8,0.5534406288777728,0.9318950967239364
3,0.2,1.9,0.5515730397525735,0.9318950967239364
3,0.2,2.0,0.5496066883583867,0.9318950967239364
3,0.35,0.0,0.6477434334022752,0.9129960617994548
3,0.35,0.1,0.6428467193108616,0.9129960617994548
3,0.35,0.2,0.6345593215641825,0.9129960617994548
3,0.35,0.3,0.6287083874840055,0.9129960617994548
3,0.35,0.4,0.6200917528190641,0.9129960617994548
3,0.35,0.5,0.614363309459842,0.9129960617994548
3,0.35,0.6,0.6090899082148201,0.9129960617994548
3,0.35,0.7,0.6046856067604828,0.9129960617994548
3,0.35,0.8,0.5988874937098417,0.9129960617994548
3,0.35,0.9,0.594622255148914,0.9129960617994548
3,0.35,1.0,0.5922218158425885,0.9129960617994548
3,0.35,1.1,0.5900106560003683,0.9129960617994548
3,0.35,1.2,0.5881492516316343,0.9129960617994548
3,0.35,1.3,0.5864735862764049,0.9129960617994548
3,0.35,1.4,0.5836420999366878,0.9129960617994548
3,0.35,1.5,0.5809027833139836,0.9129960617994548
3,0.35,1.6,0.5788223631946844,0.9129960617994548
3,0.35,1.7,0.5771125455762273,0.9129960617994548
3,0.35,1.8,0.5758894200246041,0.9129960617994548
3,0.35,1.9,0.5750737794650169,0.9129960617994548
3,0.35,2.0,0.5739970741795477,0.9129960617994548
3,0.5,0.0,0.6477434334022752,0.9057168823300297
3,0.5,0.1,0.6456971411578043,0.9057168823300297
3,0.5,0.2,0.6408209944337385,0.9057168823300297
3,0.5,0.3,0.6347265384513827,0.9057168823300297
3,0.5,0.4,0.6316828696790732,0.9057168823300297
3,0.5,0.5,0.6297538650626464,0.9057168823300297
3,0.5,0.6,0.6230156194153665,0.9057168823300297
3,0.5,0.7,0.6219090986213704,0.9057168823300297
3,0.5,0.8,0.6176879235252424,0.9057168823300297
3,0.5,0.9,0.6151686013036641,0.9057168823300297
3,0.5,1.0,0.6106635964795577,0.9057168823300297
3,0.5,1.1,0.6081729021845479,0.9057168823300297
3,0.5,1.2,0.6070103755195044,0.9057168823300297
3,0.5,1.3,0.6060993830607075,0.9057168823300297
3,0.5,1.4,0.6052787138571583,0.9057168823300297
3,0.5,1.5,0.6032909525514104,0.9057168823300297
3,0.5,1.6,0.6023691662446088,0.9057168823300297
3,0.5,1.7,0.6016717341747804,0.9057168823300297
3,0.5,1.8,0.6001814360360544,0.9057168823300297
3,0.5,1.9,0.5991312567156366,0.9057168823300297
3,0.5,2.0,0.598213316202501,0.9057168823300297
3,0.75,0.0,0.6477434334022752,0.8942268576621802
3,0.75,0.1,0.6464494979342318,0.8942268576621802
3,0.75,0.2,0.645699837955264,0.8942268576621802
3,0.75,0.3,0.6446049308476753,0.8942268576621802
3,0.75,0.4,0.6400461556144682,0.8942268576621802
3,0.75,0.5,0.6370288857827969,0.8942268576621802
3,0.75,0.6,0.6359749729346271,0.8942268576621802
3,0.75,0.7,0.6356771113839913,0.8942268576621802
3,0.75,0.8,0.6344990819562002,0.8942268576621802
3,0.75,0.9,0.6341588675196042,0.8942268576621802
3,0.75,1.0,0.6335008326208084,0.8942268576621802
3,0.75,1.1,0.6304675089620521,0.8942268576621802
3,0.75,1.2,0.6288816903891762,0.8942268576621802
3,0.75,1.3,0.6264265855704959,0.8942268576621802
3,0.75,1.4,0.6251357362560341,0.8942268576621802
3,0.75,1.5,0.6232820797158711,0.8942268576621802
3,0.75,1.6,0.6221657467829914,0.8942268576621802
3,0.75,1.7,0.6211610971258927,0.8942268576621802
3,0.75,1.8,0.6210982496926961,0.8942268576621802
3,0.75,1.9,0.6205848671306672,0.8942268576621802
3,0.75,2.0,0.6205216303901198,0.8942268576621802
3,1.0,0.0,0.6477434334022752,0.899065218332107
3,1.0,0.1,0.6469335595997797,0.899065218332107
3,1.0,0.2,0.6453102588198093,0.899065218332107
3,1.0,0.3,0.6451864771374524,0.899065218332107
3,1.0,0.4,0.6448067064211532,0.899065218332107
3,1.0,0.5,0.64374961320408,0.899065218332107
3,1.0,0.6,0.6416679194194743,0.899065218332107
3,1.0,0.7,0.6406803475102554,0.899065218332107
3,1.0,0.8,0.6399480597406456,0.899065218332107
3,1.0,0.9,0.6396863719526084,0.899065218332107
3,1.0,1.0,0.6379383998447451,0.899065218332107
3,1.0,1.1,0.6371489474051365,0.899065218332107
3,1.0,1.2,0.6366124014720527,0.899065218332107
3,1.0,1.3,0.6363992493005516,0.899065218332107
3,1.0,1.4,0.6358274106208796,0.899065218332107
3,1.0,1.5,0.6353183400128913,0.899065218332107
3,1.0,1.6,0.6339983909145683,0.899065218332107
3,1.0,1.7,0.6336847073883951,0.899065218332107
3,1.0,1.8,0.6342657923048396,0.899065218332107
3,1.0,1.9,0.6355353693563955,0.899065218332107
3,1.0,2.0,0.6350056223873214,0.899065218332107
3,1.5,0.0,0.6477434334022752,0.9084952611762669
3,1.5,0.1,0.6457961279830801,0.9084952611762669
3,1.5,0.2,0.6474509794924251,0.9084952611762669
3,1.5,0.3,0.6457348138100761,0.9084952611762669
3,1.5,0.4,0.6462356060224171,0.9084952611762669
3,1.5,0.5,0.64547718402854,0.9084952611762669
3,1.5,0.6,0.6457350564014291,0.9084952611762669
3,1.5,0.7,0.6449385641365107,0.9084952611762669
3,1.5,0.8,0.6433537559035033,0.9084952611762669
3,1.5,0.9,0.6429134541420287,0.9084952611762669
3,1.5,1.0,0.6425850234590708,0.9084952611762669
3,1.5,1.1,0.6421437999631183,0.9084952611762669
3,1.5,1.2,0.6422746499028017,0.9084952611762669
3,1.5,1.3,0.6419796356642079,0.9084952611762669
3,1.5,1.4,0.6417564216362752,0.9084952611762669
3,1.5,1.5,0.6426293494554955,0.9084952611762669
3,1.5,1.6,0.6426605184328454,0.9084952611762669
3,1.5,1.7,0.6421204756106598,0.9084952611762669
3,1.5,1.8,0.6420456465186641,0.9084952611762669
3,1.5,1.9,0.6418348668844354,0.9084952611762669
3,1.5,2.0,0.6422011849066697,0.9084952611762669
4,0.1,0.0,0.6477434334022752,0.9552040507205608
4,0.1,0.1,0.6476402398621389,0.9552040507205608
4,0.1,0.2,0.6477809771010868,0.9552040507205608
4,0.1,0.3,0.647662964864162,0.9552040507205608
4,0.1,0.4,0.6477973264246999,0.9552040507205608
4,0.1,0.5,0.6478062720098705,0.9552040507205608
4,0.1,0.6,0.6476796840701029,0.9552040507205608
4,0.1,0.7,0.647809269752526,0.9552040507205608
4,0.1,0.8,0.6478123846772423,0.9552040507205608
4,0.1,0.9,0.6478149540068131,0.9552040507205608
4,0.1,1.0,0.6478189520951024,0.9552040507205608
4,0.1,1.1,0.6476922986042324,0.9552040507205608
4,0.1,1.2,0.647692867493283,0.9552040507205608
4,0.1,1.3,0.6478210993851231,0.9552040507205608
4,0.1,1.4,0.6478216694897487,0.9552040507205608
4,0.1,1.5,0.6478228912659003,0.9552040507205608
4,0.1,1.6,0.6476969769057169,0.9552040507205608
4,0.1,1.7,0.6476980648507998,0.9552040507205608
4,0.1,1.8,0.6478262228604984,0.9552040507205608
4,0.1,1.9,0.6478265105177031,0.9552040507205608
4,0.1,2.0,0.6478278623693698,0.9552040507205608
4,0.2,0.0,0.6477434334022752,0.9586662050460899
4,0.2,0.1,0.6400286454738564,0.9586662050460899
4,0.2,0.2,0.6355463850230376,0.9586662050460899
4,0.2,0.3,0.6316785075392687,0.9586662050460899
4,0.2,0.4,0.6290466482635586,0.9586662050460899
4,0.2,0.5,0.6268642418878322,0.9586662050460899
4,0.2,0.6,0.6251972797941,0.9586662050460899
4,0.2,0.7,0.6237741104668193,0.9586662050460899
4,0.2,0.8,0.6220194318291112,0.9586662050460899
4,0.2,0.9,0.6216889718726099,0.9586662050460899
4,0.2,1.0,0.6208765131068911,0.9586662050460899
4,0.2,1.1,0.6194887479833442,0.9586662050460899
4,0.2,1.2,0.6191010183194748,0.9586662050460899
4,0.2,1.3,0.6173371157131484,0.9586662050460899
4,0.2,1.4,0.6164159796532185,0.9586662050460899
4,0.2,1.5,0.6156715280912748,0.9586662050460899
4,0.2,1.6,0.6148529740948895,0.9586662050460899
4,0.2,1.7,0.6145867903188524,0.9586662050460899
4,0.2,1.8,0.614350562618913,0.9586662050460899
4,0.2,1.9,0.6141496017329761,0.9586662050460899
4,0.2,2.0,0.6136277044359307,0.9586662050460899
4,0.35,0.0,0.6477434334022752,0.9407106071753149
4,0.35,0.1,0.6384304492155088,0.9407106071753149
4,0.35,0.2,0.624548550408351,0.9407106071753149
4,0.35,0.3,0.6108750510301585,0.9407106071753149
4,0.35,0.4,0.5982778654276256,0.9407106071753149
4,0.35,0.5,0.5906264266535519,0.9407106071753149
4,0.35,0.6,0.5778837333811312,0.9407106071753149
4,0.35,0.7,0.5710226650064236,0.9407106071753149
4,0.35,0.8,0.5635486730747714,0.9407106071753149
4,0.35,0.9,0.5568238956514644,0.9407106071753149
4,0.35,1.0,0.5526615720436242,0.9407106071753149
4,0.35,1.1,0.5488309714317338,0.9407106071753149
4,0.35,1.2,0.5446525815752087,0.9407106071753149
4,0.35,1.3,0.5411608926673318,0.9407106071753149
4,0.35,1.4,0.5387394502339679,0.9407106071753149
4,0.35,1.5,0.5369933267205649,0.9407106071753149
4,0.35,1.6,0.5334256422992248,0.9407106071753149
4,0.35,1.7,0.5297707854990786,0.9407106071753149
4,0.35,1.8,0.5269839601868563,0.9407106071753149
4,0.35,1.9,0.5255806191480691,0.9407106071753149
4,0.35,2.0,0.5220491809742562,0.9407106071753149
4,0.5,0.0,0.6477434334022752,0.92494049422253
4,0.5,0.1,0.6442570459193636,0.92494049422253
4,0.5,0.2,0.6345307153616305,0.92494049422253
4,0.5,0.3,0.6268839819157892,0.92494049422253
4,0.5,0.4,0.6201663151243261,0.92494049422253
4,0.5,0.5,0.6100479894704335,0.92494049422253
4,0.5,0.6,0.6032803627456379,0.92494049422253
4,0.5,0.7,0.5953326401199533,0.92494049422253
4,0.5,0.8,0.5899401162360525,0.92494049422253
4,0.5,0.9,0.5851093181410715,0.92494049422253
4,0.5,1.0,0.5817753439184671,0.92494049422253
4,0.5,1.1,0.5788598776967087,0.92494049422253
4,0.5,1.2,0.575690533780913,0.92494049422253
4,0.5,1.3,0.5728753208285038,0.92494049422253
4,0.5,1.4,0.5710608253884402,0.92494049422253
4,0.5,1.5,0.5678165510855383,0.92494049422253
4,0.5,1.6,0.565245599152754,0.92494049422253
4,0.5,1.7,0.5634127596370206,0.92494049422253
4,0.5,1.8,0.5617351522981081,0.92494049422253
4,0.5,1.9,0.5603996421254817,0.92494049422253
4,0.5,2.0,0.5588316075679064,0.92494049422253
4,0.75,0.0,0.6477434334022752,0.9187215995152984
4,0.75,0.1,0.6456300050616676,0.9187215995152984
4,0.75,0.2,0.6429591373498312,0.9187215995152984
4,0.75,0.3,0.6395809074658148,0.9187215995152984
4,0.75,0.4,0.6364159564675708,0.9187215995152984
4,0.75,0.5,0.6319508866112707,0.9187215995152984
4,0.75,0.6,0.6286903081804496,0.9187215995152984
4,0.75,0.7,0.6260994605624722,0.9187215995152984
4,0.75,0.8,0.6221139900117918,0.9187215995152984
4,0.75,0.9,0.6175892772268325,0.9187215995152984
4,0.75,1.0,0.6152478267125927,0.9187215995152984
4,0.75,1.1,0.6148071150305778,0.9187215995152984
4,0.75,1.2,0.6130403334489762,0.9187215995152984
4,0.75,1.3,0.6115343856256302,0.9187215995152984
4,0.75,1.4,0.6107023817922171,0.9187215995152984
4,0.75,1.5,0.6090668840009414,0.9187215995152984
4,0.75,1.6,0.6069216384692934,0.9187215995152984
4,0.75,1.7,0.6053853940054876,0.9187215995152984
4,0.75,1.8,0.602164090594286,0.9187215995152984
4,0.75,1.9,0.6011930793307049,0.9187215995152984
4,0.75,2.0,0.6004957271517745,0.9187215995152984
4,1.0,0.0,0.6477434334022752,0.908681351971264
4,1.0,0.1,0.6469664644675781,0.908681351971264
4,1.0,0.2,0.6448786917487613,0.908681351971264
4,1.0,0.3,0.6443919822025415,0.908681351971264
4,1.0,0.4,0.6411258790400013,0.908681351971264
4,1.0,0.5,0.6394293915987849,0.908681351971264
4,1.0,0.6,0.6398599171525474,0.908681351971264
4,1.0,0.7,0.6380824110442708,0.908681351971264
4,1.0,0.8,0.6368781712105026,0.908681351971264
4,1.0,0.9,0.6359433316137015,0.908681351971264
4,1.0,1.0,0.6334221384219455,0.908681351971264
4,1.0,1.1,0.6337705283975402,0.908681351971264
4,1.0,1.2,0.6325587253320691,0.908681351971264
4,1.0,1.3,0.6317947400380279,0.908681351971264
4,1.0,1.4,0.6298624164357176,0.908681351971264
4,1.0,1.5,0.6287772648558709,0.908681351971264
4,1.0,1.6,0.6265280001079019,0.908681351971264
4,1.0,1.7,0.6252510212394369,0.908681351971264
4,1.0,1.8,0.6248118051541547,0.908681351971264
4,1.0,1.9,0.6247615535102261,0.908681351971264
4,1.0,2.0,0.6240075910507906,0.908681351971264
4,1.5,0.0,0.6477434334022752,0.894140303804042
4,1.5,0.1,0.6459253656945455,0.894140303804042
4,1.5,0.2,0.6469721198117836,0.894140303804042
4,1.5,0.3,0.6457045002536745,0.894140303804042
4,1.5,0.4,0.645991835187201,0.894140303804042
4,1.5,0.5,0.6456075511268882,0.894140303804042
4,1.5,0.6,0.6453676047226569,0.894140303804042
4,1.5,0.7,0.6450303143556801,0.894140303804042
4,1.5,0.8,0.6452829448423559,0.894140303804042
4,1.5,0.9,0.6445820244490076,0.894140303804042
4,1.5,1.0,0.6442895007532138,0.894140303804042
4,1.5,1.1,0.643921773663139,0.894140303804042
4,1.5,1.2,0.6442028385871503,0.894140303804042
4,1.5,1.3,0.6437812589549605,0.894140303804042
4,1.5,1.4,0.6430658094162244,0.894140303804042
4,1.5,1.5,0.6435354644363603,0.894140303804042
4,1.5,1.6,0.6423269807015075,0.894140303804042
4,1.5,1.7,0.6425356727230513,0.894140303804042
4,1.5,1.8,0.64257778043583,0.894140303804042
4,1.5,1.9,0.6428583304919026,0.894140303804042
4,1.5,2.0,0.6425727135008331,0.894140303804042
8,0.1,0.0,0.6477434334022752,0.9303717488207036
8,0.1,0.1,0.6476159288485412,0.9303717488207036
8,0.1,0.2,0.6477434334022752,0.9303717488207036
8,0.1,0.3,0.6476159288485412,0.9303717488207036
8,0.1,0.4,0.6477434334022752,0.9303717488207036
8,0.1,0.5,0.6477434334022752,0.9303717488207036
8,0.1,0.6,0.6476159288485412,0.9303717488207036
8,0.1,0.7,0.6477434334022752,0.9303717488207036
8,0.1,0.8,0.6477434334022752,0.9303717488207036
8,0.1,0.9,0.6477434334022752,0.9303717488207036
8,0.1,1.0,0.6477434334022752,0.9303717488207036
8,0.1,1.1,0.6476159288485412,0.9303717488207036
8,0.1,1.2,0.6476159288485412,0.9303717488207036
8,0.1,1.3,0.6477434334022752,0.9303717488207036
8,0.1,1.4,0.6477434334022752,0.9303717488207036
8,0.1,1.5,0.6477434334022752,0.9303717488207036
8,0.1,1.6,0.6476159288485412,0.9303717488207036
8,0.1,1.7,0.6476159288485412,0.9303717488207036
8,0.1,1.8,0.6477434334022752,0.9303717488207036
8,0.1,1.9,0.6477434334022752,0.9303717488207036
8,0.1,2.0,0.6477434334022752,0.9303717488207036
8,0.2,0.0,0.6477434334022752,0.9578179772363353
8,0.2,0.1,0.6476254765816633,0.9578179772363353
8,0.2,0.2,0.6477608083894643,0.9578179772363353
8,0.2,0.3,0.6476369805206432,0.9578179772363353
8,0.2,0.4,0.647766647452518,0.9578179772363353
8,0.2,0.5,0.647769881052469,0.9578179772363353
8,0.2,0.6,0.6476435676075267,0.9578179772363353
8,0.2,0.7,0.6477723414749792,0.9578179772363353
8,0.2,0.8,0.6477736136783695,0.9578179772363353
8,0.2,0.9,0.6477753766059419,0.9578179772363353
8,0.2,1.0,0.6477775048076664,0.9578179772363353
8,0.2,1.1,0.6476506417281225,0.9578179772363353
8,0.2,1.2,0.6476512100108431,0.9578179772363353
8,0.2,1.3,0.6477792840609288,0.9578179772363353
8,0.2,1.4,0.6477792840609288,0.9578179772363353
8,0.2,1.5,0.6477796422784673,0.9578179772363353
8,0.2,1.6,0.6476527084386079,0.9578179772363353
8,0.2,1.7,0.647652994253337,0.9578179772363353
8,0.2,1.8,0.647780498807071,0.9578179772363353
8,0.2,1.9,0.6477810713545639,0.9578179772363353
8,0.2,2.0,0.6477810713545639,0.9578179772363353
8,0.35,0.0,0.6477434334022752,0.9581512095901675
8,0.35,0.1,0.647033695120321,0.9581512095901675
8,0.35,0.2,0.6453591360917211,0.9581512095901675
8,0.35,0.3,0.6430164372052576,0.9581512095901675
8,0.35,0.4,0.6425081078809458,0.9581512095901675
8,0.35,0.5,0.6413069571311231,0.9581512095901675
8,0.35,0.6,0.6403224642739339,0.9581512095901675
8,0.35,0.7,0.6393972199376691,0.9581512095901675
8,0.35,0.8,0.6389031279259528,0.9581512095901675
8,0.35,0.9,0.638056699420373,0.9581512095901675
8,0.35,1.0,0.6375462292585323,0.9581512095901675
8,0.35,1.1,0.6372474629748386,0.9581512095901675
8,0.35,1.2,0.6369111835081301,0.9581512095901675
8,0.35,1.3,0.6368282187900031,0.9581512095901675
8,0.35,1.4,0.6366686769983937,0.9581512095901675
8,0.35,1.5,0.6365690572388559,0.9581512095901675
8,0.35,1.6,0.6362228173038497,0.9581512095901675
8,0.35,1.7,0.6360883172684166,0.9581512095901675
8,0.35,1.8,0.6361180720504709,0.9581512095901675
8,0.35,1.9,0.6359945551597613,0.9581512095901675
8,0.35,2.0,0.6356349793356588,0.9581512095901675
8,0.5,0.0,0.6477434334022752,0.9528584411650148
8,0.5,0.1,0.6451846022534897,0.9528584411650148
8,0.5,0.2,0.6346326670612811,0.9528584411650148
8,0.5,0.3,0.6162818015774393,0.9528584411650148
8,0.5,0.4,0.6019060415735938,0.9528584411650148
8,0.5,0.5,0.5922867743485073,0.9528584411650148
8,0.5,0.6,0.5806433809051141,0.9528584411650148
8,0.5,0.7,0.574055770293014,0.9528584411650148
8,0.5,0.8,0.5676985526472833,0.9528584411650148
8,0.5,0.9,0.5628603870131882,0.9528584411650148
8,0.5,1.0,0.5575207777028924,0.9528584411650148
8,0.5,1.1,0.5522219531954686,0.9528584411650148
8,0.5,1.2,0.5463343945127037,0.9528584411650148
8,0.5,1.3,0.5433163430855285,0.9528584411650148
8,0.5,1.4,0.5391273271794358,0.9528584411650148
8,0.5,1.5,0.5359423165073212,0.9528584411650148
8,0.5,1.6,0.5323090241583188,0.9528584411650148
8,0.5,1.7,0.5311356474177203,0.9528584411650148
8,0.5,1.8,0.5281834993188387,0.9528584411650148
8,0.5,1.9,0.5261802023229133,0.9528584411650148
8,0.5,2.0,0.5240278623910527,0.9528584411650148
8,0.75,0.0,0.6477434334022752,0.923564287878132
8,0.75,0.1,0.647285713176719,0.923564287878132
8,0.75,0.2,0.6402294252490127,0.923564287878132
8,0.75,0.3,0.6332021399802461,0.923564287878132
8,0.75,0.4,0.6236178696104179,0.923564287878132
8,0.75,0.5,0.6156367684338001,0.923564287878132
8,0.75,0.6,0.6103175822951099,0.923564287878132
8,0.75,0.7,0.6027859862079058,0.923564287878132
8,0.75,0.8,0.5982787027100711,0.923564287878132
8,0.75,0.9,0.5942462439711703,0.923564287878132
8,0.75,1.0,0.5913263108558905,0.923564287878132
8,0.75,1.1,0.5891764828582597,0.923564287878132
8,0.75,1.2,0.5852175687532041,0.923564287878132
8,0.75,1.3,0.5822414891307283,0.923564287878132
8,0.75,1.4,0.579793372309233,0.923564287878132
8,0.75,1.5,0.5768001224239152,0.923564287878132
8,0.75,1.6,0.5749265943848626,0.923564287878132
8,0.75,1.7,0.5723269597189266,0.923564287878132
8,0.75,1.8,0.5711845269365622,0.923564287878132
8,0.75,1.9,0.5698830166263772,0.923564287878132
8,0.75,2.0,0.5683382982572935,0.923564287878132
8,1.0,0.0,0.6477434334022752,0.9159432206690613
8,1.0,0.1,0.6468798468726892,0.9159432206690613
8,1.0,0.2,0.6436935108178199,0.9159432206690613
8,1.0,0.3,0.6415125454112373,0.9159432206690613
8,1.0,0.4,0.6379991502150817,0.9159432206690613
8,1.0,0.5,0.6336781129660506,0.9159432206690613
8,1.0,0.6,0.6287786918959238,0.9159432206690613
8,1.0,0.7,0.6270342246186913,0.9159432206690613
8,1.0,0.8,0.6239223472059401,0.9159432206690613
8,1.0,0.9,0.6214948218629237,0.9159432206690613
8,1.0,1.0,0.6210412870872989,0.9159432206690613
8,1.0,1.1,0.6185698152691249,0.9159432206690613
8,1.0,1.2,0.6154774740641786,0.9159432206690613
8,1.0,1.3,0.6119450929998385,0.9159432206690613
8,1.0,1.4,0.6113674077813528,0.9159432206690613
8,1.0,1.5,0.6102766796593009,0.9159432206690613
8,1.0,1.6,0.6082268038649224,0.9159432206690613
8,1.0,1.7,0.6065621442294871,0.9159432206690613
8,1.0,1.8,0.6057789338940235,0.9159432206690613
8,1.0,1.9,0.6050782583177622,0.9159432206690613
8,1.0,2.0,0.6048651873751603,0.9159432206690613
8,1.5,0.0,0.6477434334022752,0.8964988964383086
8,1.5,0.1,0.6460890967302871,0.8964988964383086
8,1.5,0.2,0.6464298560198913,0.8964988964383086
8,1.5,0.3,0.6465903079997355,0.8964988964383086
8,1.5,0.4,0.6455590468715804,0.8964988964383086
8,1.5,0.5,0.6450071263043582,0.8964988964383086
8,1.5,0.6,0.6451345482459807,0.8964988964383086
8,1.5,0.7,0.6454209543502747,0.8964988964383086
8,1.5,0.8,0.6441461978707808,0.8964988964383086
8,1.5,0.9,0.6443126411730643,0.8964988964383086
8,1.5,1.0,0.6438755500035546,0.8964988964383086
8,1.5,1.1,0.6429192033955337,0.8964988964383086
8,1.5,1.2,0.6429268281751771,0.8964988964383086
8,1.5,1.3,0.6420836512819101,0.8964988964383086
8,1.5,1.4,0.6417644357444,0.8964988964383086
8,1.5,1.5,0.6413537544758419,0.8964988964383086
8,1.5,1.6,0.6411588732400413,0.8964988964383086
8,1.5,1.7,0.6413128059974704,0.8964988964383086
8,1.5,1.8,0.6412236087225088,0.8964988964383086
8,1.5,1.9,0.6406877165931486,0.8964988964383086
8,1.5,2.0,0.6404338929915682,0.8964988964383086
