Model,Budget,TopK,Hits,Precision@K,Recall@K,Missed events,Lift
Logistic Regression,0.005,33,18,54.54545454545455,21.176470588235293,67,42.340106951871654
Logistic Regression,0.0075,49,29,59.183673469387756,34.11764705882353,56,45.94045618247299
Logistic Regression,0.01,66,34,51.515151515151516,40.0,51,39.98787878787879
Logistic Regression,0.0125,82,37,45.1219512195122,43.529411764705884,48,35.02525107604018
Logistic Regression,0.015,99,44,44.44444444444444,51.76470588235294,41,34.499346405228756
Logistic Regression,0.0175,115,46,40.0,54.11764705882353,39,31.049411764705887
Logistic Regression,0.02,132,47,35.60606060606061,55.294117647058826,38,27.638680926916223
Logistic Regression,0.0225,148,49,33.108108108108105,57.64705882352941,36,25.699682034976156
Logistic Regression,0.025,165,51,30.90909090909091,60.0,34,23.992727272727272
Logistic Regression,0.0275,181,54,29.834254143646408,63.529411764705884,31,23.158401039974002
Logistic Regression,0.03,198,56,28.282828282828284,65.88235294117646,29,21.95412953060012
Logistic Regression,0.0325,214,57,26.635514018691588,67.05882352941177,28,20.675426058273775
Logistic Regression,0.035,231,58,25.10822510822511,68.23529411764706,27,19.489890501655207
Logistic Regression,0.0375,247,58,23.481781376518217,68.23529411764706,27,18.22738747320791
Logistic Regression,0.04,264,59,22.348484848484848,69.41176470588235,26,17.347682709447415
Logistic Regression,0.0425,280,59,21.071428571428573,69.41176470588235,26,16.35638655462185
Logistic Regression,0.045,297,60,20.2020202020202,70.58823529411765,25,15.6815210932858
Logistic Regression,0.0475,313,60,19.169329073482427,70.58823529411765,25,14.879909791392596
Logistic Regression,0.05,330,61,18.484848484848484,71.76470588235294,24,14.348591800356507
CART,0.005,33,8,24.242424242424242,9.411764705882353,77,18.81782531194296
CART,0.0075,49,15,30.612244897959183,17.647058823529413,70,23.762304921968788
CART,0.01,66,24,36.36363636363637,28.235294117647058,61,28.226737967914442
CART,0.0125,82,29,35.36585365853659,34.11764705882353,56,27.45222381635581
CART,0.015,99,41,41.41414141414141,48.23529411764706,44,32.14711824123589
CART,0.0175,115,42,36.52173913043478,49.411764705882355,43,28.349462915601023
CART,0.02,132,43,32.57575757575758,50.588235294117645,42,25.286452762923354
CART,0.0225,148,43,29.054054054054053,50.588235294117645,42,22.552782193958663
CART,0.025,165,43,26.060606060606062,50.588235294117645,42,20.229162210338682
CART,0.0275,181,46,25.414364640883978,54.11764705882353,39,19.72752681182971
CART,0.03,198,46,23.232323232323232,54.11764705882353,39,18.03374925727867
CART,0.0325,214,49,22.897196261682243,57.64705882352941,36,17.773611874656407
CART,0.035,231,50,21.645021645021647,58.8235294117647,35,16.801629742806213
CART,0.0375,247,52,21.05263157894737,61.1764705882353,33,16.341795665634674
CART,0.04,264,54,20.454545454545453,63.529411764705884,31,15.877540106951873
CART,0.0425,280,55,19.642857142857142,64.70588235294117,30,15.247478991596639
CART,0.045,297,57,19.19191919191919,67.05882352941177,28,14.897445038621509
CART,0.0475,313,57,18.210862619808307,67.05882352941177,28,14.135914301822966
CART,0.05,330,57,17.272727272727273,67.05882352941177,28,13.407700534759359
RF,0.005,33,18,54.54545454545455,21.176470588235293,67,42.340106951871654
RF,0.0075,49,24,48.97959183673469,28.235294117647058,61,38.01968787515006
RF,0.01,66,31,46.96969696969697,36.470588235294116,54,36.459536541889484
RF,0.0125,82,36,43.90243902439025,42.35294117647059,49,34.07862266857963
RF,0.015,99,43,43.43434343434343,50.588235294117645,42,33.715270350564474
RF,0.0175,115,48,41.73913043478261,56.470588235294116,37,32.399386189258315
RF,0.02,132,50,37.878787878787875,58.8235294117647,35,29.402852049910877
RF,0.0225,148,53,35.810810810810814,62.35294117647059,32,27.79761526232115
RF,0.025,165,58,35.15151515151515,68.23529411764706,27,27.28584670231729
RF,0.0275,181,59,32.59668508287293,69.41176470588235,26,25.302697432564187
RF,0.03,198,60,30.303030303030305,70.58823529411765,25,23.5222816399287
RF,0.0325,214,66,30.8411214953271,77.6470588235294,19,23.93996701484332
RF,0.035,231,67,29.004329004329005,78.82352941176471,18,22.51418385536033
RF,0.0375,247,68,27.530364372469634,80.0,17,21.37004048582996
RF,0.04,264,69,26.136363636363637,81.17647058823529,16,20.287967914438504
RF,0.0425,280,70,25.0,82.3529411764706,15,19.405882352941177
RF,0.045,297,72,24.242424242424242,84.70588235294117,13,18.81782531194296
RF,0.0475,313,74,23.642172523961662,87.05882352941177,11,18.351888742717534
RF,0.05,330,75,22.727272727272727,88.23529411764706,10,17.641711229946523
GBM,0.005,33,15,45.45454545454545,17.647058823529413,70,35.283422459893046
GBM,0.0075,49,19,38.775510204081634,22.352941176470587,66,30.09891956782713
GBM,0.01,66,23,34.84848484848485,27.058823529411764,62,27.050623885918007
GBM,0.0125,82,24,29.26829268292683,28.235294117647058,61,22.719081779053084
GBM,0.015,99,26,26.262626262626263,30.58823529411765,59,20.38597742127154
GBM,0.0175,115,28,24.347826086956523,32.94117647058823,57,18.899641943734018
GBM,0.02,132,29,21.96969696969697,34.11764705882353,56,17.053654188948308
GBM,0.0225,148,34,22.972972972972972,40.0,51,17.832432432432434
GBM,0.025,165,42,25.454545454545453,49.411764705882355,43,19.758716577540106
GBM,0.0275,181,47,25.96685082872928,55.294117647058826,38,20.15638609034774
GBM,0.03,198,55,27.77777777777778,64.70588235294117,30,21.562091503267975
GBM,0.0325,214,58,27.102803738317757,68.23529411764706,27,21.038152831225947
GBM,0.035,231,61,26.406926406926406,71.76470588235294,24,20.49798828622358
GBM,0.0375,247,64,25.910931174089068,75.29411764705883,21,20.11297928078114
GBM,0.04,264,64,24.242424242424242,75.29411764705883,21,18.81782531194296
GBM,0.0425,280,65,23.214285714285715,76.47058823529412,20,18.019747899159665
GBM,0.045,297,65,21.885521885521886,76.47058823529412,20,16.988314517726284
GBM,0.0475,313,65,20.766773162939298,76.47058823529412,20,16.119902274008645
GBM,0.05,330,67,20.303030303030305,78.82352941176471,18,15.75992869875223
HistGBM,0.005,33,29,87.87878787878788,34.11764705882353,56,68.21461675579323
HistGBM,0.0075,49,34,69.38775510204081,40.0,51,53.86122448979592
HistGBM,0.01,66,38,57.57575757575758,44.705882352941174,47,44.69233511586454
HistGBM,0.0125,82,43,52.4390243902439,50.588235294117645,42,40.70502152080345
HistGBM,0.015,99,46,46.464646464646464,54.11764705882353,39,36.06749851455734
HistGBM,0.0175,115,49,42.608695652173914,57.64705882352941,36,33.07437340153453
HistGBM,0.02,132,52,39.39393939393939,61.1764705882353,33,30.578966131907308
HistGBM,0.0225,148,55,37.16216216216216,64.70588235294117,30,28.846581875993643
HistGBM,0.025,165,57,34.54545454545455,67.05882352941177,28,26.815401069518717
HistGBM,0.0275,181,60,33.149171270718234,70.58823529411765,25,25.731556711082224
HistGBM,0.03,198,63,31.818181818181817,74.11764705882354,22,24.698395721925134
HistGBM,0.0325,214,64,29.906542056074766,75.29411764705883,21,23.21451346893898
HistGBM,0.035,231,64,27.705627705627705,75.29411764705883,21,21.506086070791955
HistGBM,0.0375,247,64,25.910931174089068,75.29411764705883,21,20.11297928078114
HistGBM,0.04,264,65,24.62121212121212,76.47058823529412,20,19.11185383244207
HistGBM,0.0425,280,67,23.928571428571427,78.82352941176471,18,18.57420168067227
HistGBM,0.045,297,67,22.55892255892256,78.82352941176471,18,17.511031887502476
HistGBM,0.0475,313,67,21.405750798722046,78.82352941176471,18,16.615899267055067
HistGBM,0.05,330,67,20.303030303030305,78.82352941176471,18,15.75992869875223
XGBoost,0.005,33,15,45.45454545454545,17.647058823529413,70,35.283422459893046
XGBoost,0.0075,49,18,36.734693877551024,21.176470588235293,67,28.51476590636255
XGBoost,0.01,66,23,34.84848484848485,27.058823529411764,62,27.050623885918007
XGBoost,0.0125,82,27,32.926829268292686,31.764705882352942,58,25.558967001434723
XGBoost,0.015,99,30,30.303030303030305,35.294117647058826,55,23.5222816399287
XGBoost,0.0175,115,33,28.695652173913043,38.8235294117647,52,22.274578005115092
XGBoost,0.02,132,36,27.272727272727273,42.35294117647059,49,21.170053475935827
XGBoost,0.0225,148,41,27.7027027027027,48.23529411764706,44,21.50381558028617
XGBoost,0.025,165,44,26.666666666666668,51.76470588235294,41,20.699607843137255
XGBoost,0.0275,181,46,25.414364640883978,54.11764705882353,39,19.72752681182971
XGBoost,0.03,198,48,24.242424242424242,56.470588235294116,37,18.81782531194296
XGBoost,0.0325,214,50,23.364485981308412,58.8235294117647,35,18.13633864760858
XGBoost,0.035,231,50,21.645021645021647,58.8235294117647,35,16.801629742806213
XGBoost,0.0375,247,50,20.242914979757085,58.8235294117647,35,15.713265063110265
XGBoost,0.04,264,52,19.696969696969695,61.1764705882353,33,15.289483065953654
XGBoost,0.0425,280,53,18.928571428571427,62.35294117647059,32,14.693025210084034
XGBoost,0.045,297,54,18.181818181818183,63.529411764705884,31,14.113368983957221
XGBoost,0.0475,313,57,18.210862619808307,67.05882352941177,28,14.135914301822966
XGBoost,0.05,330,59,17.87878787878788,69.41176470588235,26,13.878146167557935
LightGBM,0.005,33,22,66.66666666666667,25.88235294117647,63,51.74901960784314
LightGBM,0.0075,49,28,57.142857142857146,32.94117647058823,57,44.3563025210084
LightGBM,0.01,66,32,48.484848484848484,37.64705882352941,53,37.63565062388592
LightGBM,0.0125,82,36,43.90243902439025,42.35294117647059,49,34.07862266857963
LightGBM,0.015,99,39,39.39393939393939,45.88235294117647,46,30.578966131907308
LightGBM,0.0175,115,45,39.130434782608695,52.94117647058823,40,30.37442455242967
LightGBM,0.02,132,47,35.60606060606061,55.294117647058826,38,27.638680926916223
LightGBM,0.0225,148,51,34.45945945945946,60.0,34,26.748648648648647
LightGBM,0.025,165,52,31.515151515151516,61.1764705882353,33,24.463172905525845
LightGBM,0.0275,181,52,28.7292817679558,61.1764705882353,33,22.300682482937926
LightGBM,0.03,198,54,27.272727272727273,63.529411764705884,31,21.170053475935827
LightGBM,0.0325,214,56,26.16822429906542,65.88235294117646,29,20.312699285321603
LightGBM,0.035,231,58,25.10822510822511,68.23529411764706,27,19.489890501655207
LightGBM,0.0375,247,59,23.88663967611336,69.41176470588235,26,18.541652774470112
LightGBM,0.04,264,59,22.348484848484848,69.41176470588235,26,17.347682709447415
LightGBM,0.0425,280,60,21.428571428571427,70.58823529411765,25,16.633613445378153
LightGBM,0.045,297,61,20.53872053872054,71.76470588235294,24,15.942879778173898
LightGBM,0.0475,313,61,19.488817891373802,71.76470588235294,24,15.127908287915806
LightGBM,0.05,330,62,18.78787878787879,72.94117647058823,23,14.583814616755793
Isolation Forest,0.005,33,14,42.42424242424242,16.470588235294116,71,32.931194295900184
Isolation Forest,0.0075,49,18,36.734693877551024,21.176470588235293,67,28.51476590636255
Isolation Forest,0.01,66,25,37.878787878787875,29.41176470588235,60,29.402852049910877
Isolation Forest,0.0125,82,30,36.58536585365854,35.294117647058826,55,28.398852223816355
Isolation Forest,0.015,99,34,34.343434343434346,40.0,51,26.65858585858586
Isolation Forest,0.0175,115,36,31.304347826086957,42.35294117647059,49,24.29953964194374
Isolation Forest,0.02,132,40,30.303030303030305,47.05882352941177,45,23.5222816399287
Isolation Forest,0.0225,148,43,29.054054054054053,50.588235294117645,42,22.552782193958663
Isolation Forest,0.025,165,48,29.09090909090909,56.470588235294116,37,22.58139037433155
Isolation Forest,0.0275,181,49,27.07182320441989,57.64705882352941,36,21.014104647383814
Isolation Forest,0.03,198,51,25.757575757575758,60.0,34,19.993939393939396
Isolation Forest,0.0325,214,53,24.766355140186917,62.35294117647059,32,19.22451896646509
Isolation Forest,0.035,231,56,24.242424242424242,65.88235294117646,29,18.81782531194296
Isolation Forest,0.0375,247,58,23.481781376518217,68.23529411764706,27,18.22738747320791
Isolation Forest,0.04,264,59,22.348484848484848,69.41176470588235,26,17.347682709447415
Isolation Forest,0.0425,280,60,21.428571428571427,70.58823529411765,25,16.633613445378153
Isolation Forest,0.045,297,61,20.53872053872054,71.76470588235294,24,15.942879778173898
Isolation Forest,0.0475,313,62,19.808306709265175,72.94117647058823,23,15.375906784439016
Isolation Forest,0.05,330,62,18.78787878787879,72.94117647058823,23,14.583814616755793
One-Class SVM,0.005,33,8,24.242424242424242,9.411764705882353,77,18.81782531194296
One-Class SVM,0.0075,49,11,22.448979591836736,12.941176470588236,74,17.425690276110444
One-Class SVM,0.01,66,13,19.696969696969695,15.294117647058824,72,15.289483065953654
One-Class SVM,0.0125,82,14,17.073170731707318,16.470588235294116,71,13.252797704447634
One-Class SVM,0.015,99,15,15.151515151515152,17.647058823529413,70,11.76114081996435
One-Class SVM,0.0175,115,19,16.52173913043478,22.352941176470587,66,12.824757033248082
One-Class SVM,0.02,132,22,16.666666666666668,25.88235294117647,63,12.937254901960785
One-Class SVM,0.0225,148,23,15.54054054054054,27.058823529411764,62,12.063116057233705
One-Class SVM,0.025,165,26,15.757575757575758,30.58823529411765,59,12.231586452762922
One-Class SVM,0.0275,181,27,14.917127071823204,31.764705882352942,58,11.579200519987001
One-Class SVM,0.03,198,28,14.141414141414142,32.94117647058823,57,10.97706476530006
One-Class SVM,0.0325,214,28,13.08411214953271,32.94117647058823,57,10.156349642660802
One-Class SVM,0.035,231,30,12.987012987012987,35.294117647058826,55,10.080977845683728
One-Class SVM,0.0375,247,30,12.145748987854251,35.294117647058826,55,9.42795903786616
One-Class SVM,0.04,264,30,11.363636363636363,35.294117647058826,55,8.820855614973262
One-Class SVM,0.0425,280,30,10.714285714285714,35.294117647058826,55,8.316806722689076
One-Class SVM,0.045,297,30,10.1010101010101,35.294117647058826,55,7.8407605466429
One-Class SVM,0.0475,313,31,9.904153354632587,36.470588235294116,54,7.687953392219508
One-Class SVM,0.05,330,32,9.696969696969697,37.64705882352941,53,7.527130124777184
KDE (input space),0.005,33,6,18.181818181818183,7.0588235294117645,79,14.113368983957221
KDE (input space),0.0075,49,7,14.285714285714286,8.235294117647058,78,11.0890756302521
KDE (input space),0.01,66,13,19.696969696969695,15.294117647058824,72,15.289483065953654
KDE (input space),0.0125,82,16,19.51219512195122,18.823529411764707,69,15.146054519368725
KDE (input space),0.015,99,23,23.232323232323232,27.058823529411764,62,18.03374925727867
KDE (input space),0.0175,115,24,20.869565217391305,28.235294117647058,61,16.199693094629158
KDE (input space),0.02,132,26,19.696969696969695,30.58823529411765,59,15.289483065953654
KDE (input space),0.0225,148,27,18.243243243243242,31.764705882352942,58,14.161049284578697
KDE (input space),0.025,165,29,17.575757575757574,34.11764705882353,56,13.642923351158645
KDE (input space),0.0275,181,31,17.12707182320442,36.470588235294116,54,13.29463763405915
KDE (input space),0.03,198,32,16.161616161616163,37.64705882352941,53,12.545216874628641
KDE (input space),0.0325,214,33,15.42056074766355,38.8235294117647,52,11.96998350742166
KDE (input space),0.035,231,33,14.285714285714286,38.8235294117647,52,11.0890756302521
KDE (input space),0.0375,247,33,13.360323886639677,38.8235294117647,52,10.370754941652777
KDE (input space),0.04,264,33,12.5,38.8235294117647,52,9.702941176470588
KDE (input space),0.0425,280,35,12.5,41.1764705882353,50,9.702941176470588
KDE (input space),0.045,297,36,12.121212121212121,42.35294117647059,49,9.40891265597148
KDE (input space),0.0475,313,36,11.501597444089457,42.35294117647059,49,8.927945874835558
KDE (input space),0.05,330,36,10.909090909090908,42.35294117647059,49,8.468021390374332
Heuristic: composite score persistence,0.005,33,23,69.6969696969697,27.058823529411764,62,54.101247771836015
Heuristic: composite score persistence,0.0075,49,30,61.224489795918366,35.294117647058826,55,47.524609843937576
Heuristic: composite score persistence,0.01,66,38,57.57575757575758,44.705882352941174,47,44.69233511586454
Heuristic: composite score persistence,0.0125,82,42,51.21951219512195,49.411764705882355,43,39.758393113342905
Heuristic: composite score persistence,0.015,99,50,50.505050505050505,58.8235294117647,35,39.2038027332145
Heuristic: composite score persistence,0.0175,115,54,46.95652173913044,63.529411764705884,31,36.44930946291561
Heuristic: composite score persistence,0.02,132,57,43.18181818181818,67.05882352941177,28,33.5192513368984
Heuristic: composite score persistence,0.0225,148,61,41.21621621621622,71.76470588235294,24,31.993481717011132
Heuristic: composite score persistence,0.025,165,63,38.18181818181818,74.11764705882354,22,29.638074866310163
Heuristic: composite score persistence,0.0275,181,63,34.806629834254146,74.11764705882354,22,27.018134546636336
Heuristic: composite score persistence,0.03,198,64,32.323232323232325,75.29411764705883,21,25.090433749257283
Heuristic: composite score persistence,0.0325,214,65,30.373831775700936,76.47058823529412,20,23.57724024189115
Heuristic: composite score persistence,0.035,231,68,29.437229437229437,80.0,17,22.850216450216454
Heuristic: composite score persistence,0.0375,247,70,28.34008097165992,82.3529411764706,15,21.99857108835437
Heuristic: composite score persistence,0.04,264,70,26.515151515151516,82.3529411764706,15,20.58199643493761
Heuristic: composite score persistence,0.0425,280,72,25.714285714285715,84.70588235294117,13,19.96033613445378
Heuristic: composite score persistence,0.045,297,73,24.579124579124578,85.88235294117646,12,19.079183996831055
Heuristic: composite score persistence,0.0475,313,73,23.322683706070286,85.88235294117646,12,18.103890246194325
Heuristic: composite score persistence,0.05,330,73,22.12121212121212,85.88235294117646,12,17.17126559714795
Heuristic: renewable ramp,0.005,33,16,48.484848484848484,18.823529411764707,69,37.63565062388592
Heuristic: renewable ramp,0.0075,49,19,38.775510204081634,22.352941176470587,66,30.09891956782713
Heuristic: renewable ramp,0.01,66,25,37.878787878787875,29.41176470588235,60,29.402852049910877
Heuristic: renewable ramp,0.0125,82,25,30.48780487804878,29.41176470588235,60,23.665710186513632
Heuristic: renewable ramp,0.015,99,27,27.272727272727273,31.764705882352942,58,21.170053475935827
Heuristic: renewable ramp,0.0175,115,30,26.08695652173913,35.294117647058826,55,20.249616368286446
Heuristic: renewable ramp,0.02,132,32,24.242424242424242,37.64705882352941,53,18.81782531194296
Heuristic: renewable ramp,0.0225,148,34,22.972972972972972,40.0,51,17.832432432432434
Heuristic: renewable ramp,0.025,165,36,21.818181818181817,42.35294117647059,49,16.936042780748664
Heuristic: renewable ramp,0.0275,181,40,22.099447513812155,47.05882352941177,45,17.154371140721484
Heuristic: renewable ramp,0.03,198,43,21.717171717171716,50.588235294117645,42,16.857635175282237
Heuristic: renewable ramp,0.0325,214,44,20.560747663551403,51.76470588235294,41,15.959978009895547
Heuristic: renewable ramp,0.035,231,46,19.913419913419915,54.11764705882353,39,15.457499363381718
Heuristic: renewable ramp,0.0375,247,49,19.838056680161944,57.64705882352941,36,15.398999761848062
Heuristic: renewable ramp,0.04,264,50,18.939393939393938,58.8235294117647,35,14.701426024955438
Heuristic: renewable ramp,0.0425,280,51,18.214285714285715,60.0,34,14.13857142857143
Heuristic: renewable ramp,0.045,297,51,17.171717171717173,60.0,34,13.32929292929293
Heuristic: renewable ramp,0.0475,313,53,16.93290734824281,62.35294117647059,32,13.143920315730128
Heuristic: renewable ramp,0.05,330,54,16.363636363636363,63.529411764705884,31,12.702032085561498
Heuristic: |system imbalance|,0.005,33,5,15.151515151515152,5.882352941176471,80,11.76114081996435
Heuristic: |system imbalance|,0.0075,49,7,14.285714285714286,8.235294117647058,78,11.0890756302521
Heuristic: |system imbalance|,0.01,66,8,12.121212121212121,9.411764705882353,77,9.40891265597148
Heuristic: |system imbalance|,0.0125,82,10,12.195121951219512,11.764705882352942,75,9.466284074605452
Heuristic: |system imbalance|,0.015,99,11,11.11111111111111,12.941176470588236,74,8.624836601307189
Heuristic: |system imbalance|,0.0175,115,12,10.434782608695652,14.117647058823529,73,8.099846547314579
Heuristic: |system imbalance|,0.02,132,12,9.090909090909092,14.117647058823529,73,7.0566844919786105
Heuristic: |system imbalance|,0.0225,148,14,9.45945945945946,16.470588235294116,71,7.342766295707473
Heuristic: |system imbalance|,0.025,165,15,9.090909090909092,17.647058823529413,70,7.0566844919786105
Heuristic: |system imbalance|,0.0275,181,15,8.287292817679559,17.647058823529413,70,6.432889177770556
Heuristic: |system imbalance|,0.03,198,16,8.080808080808081,18.823529411764707,69,6.272608437314321
Heuristic: |system imbalance|,0.0325,214,16,7.4766355140186915,18.823529411764707,69,5.803628367234745
Heuristic: |system imbalance|,0.035,231,16,6.926406926406926,18.823529411764707,69,5.376521517697989
Heuristic: |system imbalance|,0.0375,247,17,6.882591093117409,20.0,68,5.34251012145749
Heuristic: |system imbalance|,0.04,264,17,6.4393939393939394,20.0,68,4.998484848484849
Heuristic: |system imbalance|,0.0425,280,17,6.071428571428571,20.0,68,4.7128571428571435
Heuristic: |system imbalance|,0.045,297,17,5.723905723905724,20.0,68,4.443097643097643
Heuristic: |system imbalance|,0.0475,313,17,5.431309904153355,20.0,68,4.215974440894569
Heuristic: |system imbalance|,0.05,330,17,5.151515151515151,20.0,68,3.998787878787879
HistGBM (tuned),0.005,33,28,84.84848484848484,32.94117647058823,57,65.86238859180037
HistGBM (tuned),0.0075,49,35,71.42857142857143,41.1764705882353,50,55.445378151260506
HistGBM (tuned),0.01,66,40,60.60606060606061,47.05882352941177,45,47.0445632798574
HistGBM (tuned),0.0125,82,43,52.4390243902439,50.588235294117645,42,40.70502152080345
HistGBM (tuned),0.015,99,48,48.484848484848484,56.470588235294116,37,37.63565062388592
HistGBM (tuned),0.0175,115,51,44.34782608695652,60.0,34,34.42434782608696
HistGBM (tuned),0.02,132,55,41.666666666666664,64.70588235294117,30,32.34313725490196
HistGBM (tuned),0.0225,148,58,39.189189189189186,68.23529411764706,27,30.420031796502386
HistGBM (tuned),0.025,165,58,35.15151515151515,68.23529411764706,27,27.28584670231729
HistGBM (tuned),0.0275,181,61,33.70165745856354,71.76470588235294,24,26.160415989600263
HistGBM (tuned),0.03,198,63,31.818181818181817,74.11764705882354,22,24.698395721925134
HistGBM (tuned),0.0325,214,65,30.373831775700936,76.47058823529412,20,23.57724024189115
HistGBM (tuned),0.035,231,66,28.571428571428573,77.6470588235294,19,22.1781512605042
HistGBM (tuned),0.0375,247,67,27.125506072874494,78.82352941176471,18,21.055775184567757
HistGBM (tuned),0.04,264,67,25.37878787878788,78.82352941176471,18,19.699910873440285
HistGBM (tuned),0.0425,280,67,23.928571428571427,78.82352941176471,18,18.57420168067227
HistGBM (tuned),0.045,297,69,23.232323232323232,81.17647058823529,16,18.03374925727867
HistGBM (tuned),0.0475,313,70,22.364217252396166,82.3529411764706,15,17.359894756624694
HistGBM (tuned),0.05,330,72,21.818181818181817,84.70588235294117,13,16.936042780748664
XGBoost (tuned),0.005,33,24,72.72727272727273,28.235294117647058,61,56.453475935828884
XGBoost (tuned),0.0075,49,29,59.183673469387756,34.11764705882353,56,45.94045618247299
XGBoost (tuned),0.01,66,37,56.06060606060606,43.529411764705884,48,43.51622103386809
XGBoost (tuned),0.0125,82,42,51.21951219512195,49.411764705882355,43,39.758393113342905
XGBoost (tuned),0.015,99,48,48.484848484848484,56.470588235294116,37,37.63565062388592
XGBoost (tuned),0.0175,115,52,45.21739130434783,61.1764705882353,33,35.09933503836317
XGBoost (tuned),0.02,132,55,41.666666666666664,64.70588235294117,30,32.34313725490196
XGBoost (tuned),0.0225,148,56,37.83783783783784,65.88235294117646,29,29.37106518282989
XGBoost (tuned),0.025,165,57,34.54545454545455,67.05882352941177,28,26.815401069518717
XGBoost (tuned),0.0275,181,58,32.04419889502763,68.23529411764706,27,24.87383815404615
XGBoost (tuned),0.03,198,59,29.7979797979798,69.41176470588235,26,23.130243612596555
XGBoost (tuned),0.0325,214,60,28.037383177570092,70.58823529411765,25,21.76360637713029
XGBoost (tuned),0.035,231,60,25.974025974025974,70.58823529411765,25,20.161955691367456
XGBoost (tuned),0.0375,247,60,24.291497975708502,70.58823529411765,25,18.85591807573232
XGBoost (tuned),0.04,264,63,23.863636363636363,74.11764705882354,22,18.523796791443853
XGBoost (tuned),0.0425,280,64,22.857142857142858,75.29411764705883,21,17.74252100840336
XGBoost (tuned),0.045,297,65,21.885521885521886,76.47058823529412,20,16.988314517726284
XGBoost (tuned),0.0475,313,65,20.766773162939298,76.47058823529412,20,16.119902274008645
XGBoost (tuned),0.05,330,67,20.303030303030305,78.82352941176471,18,15.75992869875223
LightGBM (tuned),0.005,33,29,87.87878787878788,34.11764705882353,56,68.21461675579323
LightGBM (tuned),0.0075,49,38,77.55102040816327,44.705882352941174,47,60.19783913565426
LightGBM (tuned),0.01,66,41,62.121212121212125,48.23529411764706,44,48.22067736185384
LightGBM (tuned),0.0125,82,46,56.09756097560975,54.11764705882353,39,43.54490674318509
LightGBM (tuned),0.015,99,52,52.525252525252526,61.1764705882353,33,40.77195484254308
LightGBM (tuned),0.0175,115,54,46.95652173913044,63.529411764705884,31,36.44930946291561
LightGBM (tuned),0.02,132,55,41.666666666666664,64.70588235294117,30,32.34313725490196
LightGBM (tuned),0.0225,148,58,39.189189189189186,68.23529411764706,27,30.420031796502386
LightGBM (tuned),0.025,165,62,37.57575757575758,72.94117647058823,23,29.167629233511587
LightGBM (tuned),0.0275,181,62,34.25414364640884,72.94117647058823,23,26.5892752681183
LightGBM (tuned),0.03,198,63,31.818181818181817,74.11764705882354,22,24.698395721925134
LightGBM (tuned),0.0325,214,63,29.439252336448597,74.11764705882354,22,22.851786695986807
LightGBM (tuned),0.035,231,64,27.705627705627705,75.29411764705883,21,21.506086070791955
LightGBM (tuned),0.0375,247,65,26.31578947368421,76.47058823529412,20,20.427244582043343
LightGBM (tuned),0.04,264,69,26.136363636363637,81.17647058823529,16,20.287967914438504
LightGBM (tuned),0.0425,280,71,25.357142857142858,83.52941176470588,14,19.68310924369748
LightGBM (tuned),0.045,297,72,24.242424242424242,84.70588235294117,13,18.81782531194296
LightGBM (tuned),0.0475,313,72,23.003194888178914,84.70588235294117,13,17.855891749671116
LightGBM (tuned),0.05,330,73,22.12121212121212,85.88235294117646,12,17.17126559714795
"HistGBM (regression, tuned)",0.005,33,29,87.87878787878788,34.11764705882353,56,68.21461675579323
"HistGBM (regression, tuned)",0.0075,49,38,77.55102040816327,44.705882352941174,47,60.19783913565426
"HistGBM (regression, tuned)",0.01,66,46,69.6969696969697,54.11764705882353,39,54.101247771836015
"HistGBM (regression, tuned)",0.0125,82,48,58.53658536585366,56.470588235294116,37,45.43816355810617
"HistGBM (regression, tuned)",0.015,99,50,50.505050505050505,58.8235294117647,35,39.2038027332145
"HistGBM (regression, tuned)",0.0175,115,53,46.08695652173913,62.35294117647059,32,35.774322250639386
"HistGBM (regression, tuned)",0.02,132,54,40.90909090909091,63.529411764705884,31,31.755080213903746
"HistGBM (regression, tuned)",0.0225,148,56,37.83783783783784,65.88235294117646,29,29.37106518282989
"HistGBM (regression, tuned)",0.025,165,57,34.54545454545455,67.05882352941177,28,26.815401069518717
"HistGBM (regression, tuned)",0.0275,181,60,33.149171270718234,70.58823529411765,25,25.731556711082224
"HistGBM (regression, tuned)",0.03,198,62,31.31313131313131,72.94117647058823,23,24.306357694592993
"HistGBM (regression, tuned)",0.0325,214,64,29.906542056074766,75.29411764705883,21,23.21451346893898
"HistGBM (regression, tuned)",0.035,231,66,28.571428571428573,77.6470588235294,19,22.1781512605042
"HistGBM (regression, tuned)",0.0375,247,66,26.720647773279353,77.6470588235294,19,20.741509883305554
"HistGBM (regression, tuned)",0.04,264,67,25.37878787878788,78.82352941176471,18,19.699910873440285
"HistGBM (regression, tuned)",0.0425,280,69,24.642857142857142,81.17647058823529,16,19.128655462184877
"HistGBM (regression, tuned)",0.045,297,69,23.232323232323232,81.17647058823529,16,18.03374925727867
"HistGBM (regression, tuned)",0.0475,313,69,22.044728434504794,81.17647058823529,16,17.111896260101485
"HistGBM (regression, tuned)",0.05,330,70,21.21212121212121,82.3529411764706,15,16.465597147950092
"XGBoost (regression, tuned)",0.005,33,25,75.75757575757575,29.41176470588235,60,58.80570409982175
"XGBoost (regression, tuned)",0.0075,49,35,71.42857142857143,41.1764705882353,50,55.445378151260506
"XGBoost (regression, tuned)",0.01,66,41,62.121212121212125,48.23529411764706,44,48.22067736185384
"XGBoost (regression, tuned)",0.0125,82,46,56.09756097560975,54.11764705882353,39,43.54490674318509
"XGBoost (regression, tuned)",0.015,99,52,52.525252525252526,61.1764705882353,33,40.77195484254308
"XGBoost (regression, tuned)",0.0175,115,52,45.21739130434783,61.1764705882353,33,35.09933503836317
"XGBoost (regression, tuned)",0.02,132,55,41.666666666666664,64.70588235294117,30,32.34313725490196
"XGBoost (regression, tuned)",0.0225,148,57,38.513513513513516,67.05882352941177,28,29.89554848966614
"XGBoost (regression, tuned)",0.025,165,59,35.75757575757576,69.41176470588235,26,27.75629233511587
"XGBoost (regression, tuned)",0.0275,181,61,33.70165745856354,71.76470588235294,24,26.160415989600263
"XGBoost (regression, tuned)",0.03,198,62,31.31313131313131,72.94117647058823,23,24.306357694592993
"XGBoost (regression, tuned)",0.0325,214,64,29.906542056074766,75.29411764705883,21,23.21451346893898
"XGBoost (regression, tuned)",0.035,231,66,28.571428571428573,77.6470588235294,19,22.1781512605042
"XGBoost (regression, tuned)",0.0375,247,67,27.125506072874494,78.82352941176471,18,21.055775184567757
"XGBoost (regression, tuned)",0.04,264,67,25.37878787878788,78.82352941176471,18,19.699910873440285
"XGBoost (regression, tuned)",0.0425,280,67,23.928571428571427,78.82352941176471,18,18.57420168067227
"XGBoost (regression, tuned)",0.045,297,68,22.895622895622896,80.0,17,17.772390572390574
"XGBoost (regression, tuned)",0.0475,313,70,22.364217252396166,82.3529411764706,15,17.359894756624694
"XGBoost (regression, tuned)",0.05,330,72,21.818181818181817,84.70588235294117,13,16.936042780748664
"LightGBM (regression, tuned)",0.005,33,28,84.84848484848484,32.94117647058823,57,65.86238859180037
"LightGBM (regression, tuned)",0.0075,49,39,79.59183673469387,45.88235294117647,46,61.78199279711885
"LightGBM (regression, tuned)",0.01,66,46,69.6969696969697,54.11764705882353,39,54.101247771836015
"LightGBM (regression, tuned)",0.0125,82,50,60.97560975609756,58.8235294117647,35,47.331420373027264
"LightGBM (regression, tuned)",0.015,99,54,54.54545454545455,63.529411764705884,31,42.340106951871654
"LightGBM (regression, tuned)",0.0175,115,55,47.82608695652174,64.70588235294117,30,37.12429667519182
"LightGBM (regression, tuned)",0.02,132,57,43.18181818181818,67.05882352941177,28,33.5192513368984
"LightGBM (regression, tuned)",0.0225,148,58,39.189189189189186,68.23529411764706,27,30.420031796502386
"LightGBM (regression, tuned)",0.025,165,60,36.36363636363637,70.58823529411765,25,28.226737967914442
"LightGBM (regression, tuned)",0.0275,181,64,35.35911602209945,75.29411764705883,21,27.446993825154372
"LightGBM (regression, tuned)",0.03,198,65,32.82828282828283,76.47058823529412,20,25.482471776589424
"LightGBM (regression, tuned)",0.0325,214,67,31.30841121495327,78.82352941176471,18,24.30269378779549
"LightGBM (regression, tuned)",0.035,231,68,29.437229437229437,80.0,17,22.850216450216454
"LightGBM (regression, tuned)",0.0375,247,69,27.93522267206478,81.17647058823529,16,21.684305787092168
"LightGBM (regression, tuned)",0.04,264,69,26.136363636363637,81.17647058823529,16,20.287967914438504
"LightGBM (regression, tuned)",0.0425,280,69,24.642857142857142,81.17647058823529,16,19.128655462184877
"LightGBM (regression, tuned)",0.045,297,70,23.569023569023567,82.3529411764706,15,18.29510794216677
"LightGBM (regression, tuned)",0.0475,313,71,22.68370607028754,83.52941176470588,14,17.607893253147907
"LightGBM (regression, tuned)",0.05,330,73,22.12121212121212,85.88235294117646,12,17.17126559714795
AERIS,0.005,33,28,84.84848484848484,32.94117647058823,57,65.86238859180037
AERIS,0.0075,49,40,81.63265306122449,47.05882352941177,45,63.36614645858344
AERIS,0.01,66,44,66.66666666666667,51.76470588235294,41,51.74901960784314
AERIS,0.0125,82,48,58.53658536585366,56.470588235294116,37,45.43816355810617
AERIS,0.015,99,51,51.515151515151516,60.0,34,39.98787878787879
AERIS,0.0175,115,55,47.82608695652174,64.70588235294117,30,37.12429667519182
AERIS,0.02,132,59,44.696969696969695,69.41176470588235,26,34.69536541889483
AERIS,0.0225,148,61,41.21621621621622,71.76470588235294,24,31.993481717011132
AERIS,0.025,165,62,37.57575757575758,72.94117647058823,23,29.167629233511587
AERIS,0.0275,181,64,35.35911602209945,75.29411764705883,21,27.446993825154372
AERIS,0.03,198,64,32.323232323232325,75.29411764705883,21,25.090433749257283
AERIS,0.0325,214,66,30.8411214953271,77.6470588235294,19,23.93996701484332
AERIS,0.035,231,67,29.004329004329005,78.82352941176471,18,22.51418385536033
AERIS,0.0375,247,68,27.530364372469634,80.0,17,21.37004048582996
AERIS,0.04,264,68,25.757575757575758,80.0,17,19.993939393939396
AERIS,0.0425,280,68,24.285714285714285,80.0,17,18.851428571428574
AERIS,0.045,297,69,23.232323232323232,81.17647058823529,16,18.03374925727867
AERIS,0.0475,313,71,22.68370607028754,83.52941176470588,14,17.607893253147907
AERIS,0.05,330,72,21.818181818181817,84.70588235294117,13,16.936042780748664
AERIS-DB,0.005,33,26,78.78787878787878,30.58823529411765,59,61.157932263814615
AERIS-DB,0.0075,49,37,75.51020408163265,43.529411764705884,48,58.61368547418967
AERIS-DB,0.01,66,42,63.63636363636363,49.411764705882355,43,49.39679144385027
AERIS-DB,0.0125,82,45,54.8780487804878,52.94117647058823,40,42.59827833572454
AERIS-DB,0.015,99,49,49.494949494949495,57.64705882352941,36,38.41972667855021
AERIS-DB,0.0175,115,53,46.08695652173913,62.35294117647059,32,35.774322250639386
AERIS-DB,0.02,132,56,42.42424242424242,65.88235294117646,29,32.931194295900184
AERIS-DB,0.0225,148,59,39.86486486486486,69.41176470588235,26,30.944515103338635
AERIS-DB,0.025,165,61,36.96969696969697,71.76470588235294,24,28.697183600713014
AERIS-DB,0.0275,181,63,34.806629834254146,74.11764705882354,22,27.018134546636336
AERIS-DB,0.03,198,63,31.818181818181817,74.11764705882354,22,24.698395721925134
AERIS-DB,0.0325,214,65,30.373831775700936,76.47058823529412,20,23.57724024189115
AERIS-DB,0.035,231,69,29.87012987012987,81.17647058823529,16,23.186249045072575
AERIS-DB,0.0375,247,69,27.93522267206478,81.17647058823529,16,21.684305787092168
AERIS-DB,0.04,264,70,26.515151515151516,82.3529411764706,15,20.58199643493761
AERIS-DB,0.0425,280,70,25.0,82.3529411764706,15,19.405882352941177
AERIS-DB,0.045,297,71,23.905723905723907,83.52941176470588,14,18.556466627054863
AERIS-DB,0.0475,313,71,22.68370607028754,83.52941176470588,14,17.607893253147907
AERIS-DB,0.05,330,71,21.515151515151516,83.52941176470588,14,16.700819964349378
AERIS (common recipe),0.005,33,24,72.72727272727273,28.235294117647058,61,56.453475935828884
AERIS (common recipe),0.0075,49,33,67.34693877551021,38.8235294117647,52,52.27707082833133
AERIS (common recipe),0.01,66,38,57.57575757575758,44.705882352941174,47,44.69233511586454
AERIS (common recipe),0.0125,82,41,50.0,48.23529411764706,44,38.811764705882354
AERIS (common recipe),0.015,99,44,44.44444444444444,51.76470588235294,41,34.499346405228756
AERIS (common recipe),0.0175,115,47,40.869565217391305,55.294117647058826,38,31.7243989769821
AERIS (common recipe),0.02,132,53,40.15151515151515,62.35294117647059,32,31.167023172905527
AERIS (common recipe),0.0225,148,54,36.486486486486484,63.529411764705884,31,28.322098569157394
AERIS (common recipe),0.025,165,57,34.54545454545455,67.05882352941177,28,26.815401069518717
AERIS (common recipe),0.0275,181,61,33.70165745856354,71.76470588235294,24,26.160415989600263
AERIS (common recipe),0.03,198,62,31.31313131313131,72.94117647058823,23,24.306357694592993
AERIS (common recipe),0.0325,214,65,30.373831775700936,76.47058823529412,20,23.57724024189115
AERIS (common recipe),0.035,231,67,29.004329004329005,78.82352941176471,18,22.51418385536033
AERIS (common recipe),0.0375,247,71,28.74493927125506,83.52941176470588,14,22.312836389616578
AERIS (common recipe),0.04,264,71,26.893939393939394,83.52941176470588,14,20.87602495543672
AERIS (common recipe),0.0425,280,72,25.714285714285715,84.70588235294117,13,19.96033613445378
AERIS (common recipe),0.045,297,73,24.579124579124578,85.88235294117646,12,19.079183996831055
AERIS (common recipe),0.0475,313,73,23.322683706070286,85.88235294117646,12,18.103890246194325
AERIS (common recipe),0.05,330,74,22.424242424242426,87.05882352941177,11,17.406488413547237
TCN classifier,0.005,33,25,75.75757575757575,29.41176470588235,60,58.80570409982175
TCN classifier,0.0075,49,33,67.34693877551021,38.8235294117647,52,52.27707082833133
TCN classifier,0.01,66,36,54.54545454545455,42.35294117647059,49,42.340106951871654
TCN classifier,0.0125,82,37,45.1219512195122,43.529411764705884,48,35.02525107604018
TCN classifier,0.015,99,42,42.42424242424242,49.411764705882355,43,32.931194295900184
TCN classifier,0.0175,115,46,40.0,54.11764705882353,39,31.049411764705887
TCN classifier,0.02,132,50,37.878787878787875,58.8235294117647,35,29.402852049910877
TCN classifier,0.0225,148,56,37.83783783783784,65.88235294117646,29,29.37106518282989
TCN classifier,0.025,165,56,33.93939393939394,65.88235294117646,29,26.344955436720145
TCN classifier,0.0275,181,59,32.59668508287293,69.41176470588235,26,25.302697432564187
TCN classifier,0.03,198,64,32.323232323232325,75.29411764705883,21,25.090433749257283
TCN classifier,0.0325,214,66,30.8411214953271,77.6470588235294,19,23.93996701484332
TCN classifier,0.035,231,68,29.437229437229437,80.0,17,22.850216450216454
TCN classifier,0.0375,247,68,27.530364372469634,80.0,17,21.37004048582996
TCN classifier,0.04,264,71,26.893939393939394,83.52941176470588,14,20.87602495543672
TCN classifier,0.0425,280,71,25.357142857142858,83.52941176470588,14,19.68310924369748
TCN classifier,0.045,297,71,23.905723905723907,83.52941176470588,14,18.556466627054863
TCN classifier,0.0475,313,72,23.003194888178914,84.70588235294117,13,17.855891749671116
TCN classifier,0.05,330,72,21.818181818181817,84.70588235294117,13,16.936042780748664
LSTM classifier,0.005,33,25,75.75757575757575,29.41176470588235,60,58.80570409982175
LSTM classifier,0.0075,49,35,71.42857142857143,41.1764705882353,50,55.445378151260506
LSTM classifier,0.01,66,39,59.09090909090909,45.88235294117647,46,45.86844919786097
LSTM classifier,0.0125,82,44,53.65853658536585,51.76470588235294,41,41.65164992826399
LSTM classifier,0.015,99,45,45.45454545454545,52.94117647058823,40,35.283422459893046
LSTM classifier,0.0175,115,49,42.608695652173914,57.64705882352941,36,33.07437340153453
LSTM classifier,0.02,132,53,40.15151515151515,62.35294117647059,32,31.167023172905527
LSTM classifier,0.0225,148,58,39.189189189189186,68.23529411764706,27,30.420031796502386
LSTM classifier,0.025,165,61,36.96969696969697,71.76470588235294,24,28.697183600713014
LSTM classifier,0.0275,181,65,35.91160220994475,76.47058823529412,20,27.875853103672412
LSTM classifier,0.03,198,65,32.82828282828283,76.47058823529412,20,25.482471776589424
LSTM classifier,0.0325,214,67,31.30841121495327,78.82352941176471,18,24.30269378779549
LSTM classifier,0.035,231,70,30.303030303030305,82.3529411764706,15,23.5222816399287
LSTM classifier,0.0375,247,70,28.34008097165992,82.3529411764706,15,21.99857108835437
LSTM classifier,0.04,264,72,27.272727272727273,84.70588235294117,13,21.170053475935827
LSTM classifier,0.0425,280,73,26.071428571428573,85.88235294117646,12,20.237563025210086
LSTM classifier,0.045,297,75,25.252525252525253,88.23529411764706,10,19.60190136660725
LSTM classifier,0.0475,313,75,23.961661341853034,88.23529411764706,10,18.599887239240747
LSTM classifier,0.05,330,75,22.727272727272727,88.23529411764706,10,17.641711229946523
GRU classifier,0.005,33,25,75.75757575757575,29.41176470588235,60,58.80570409982175
GRU classifier,0.0075,49,33,67.34693877551021,38.8235294117647,52,52.27707082833133
GRU classifier,0.01,66,39,59.09090909090909,45.88235294117647,46,45.86844919786097
GRU classifier,0.0125,82,40,48.78048780487805,47.05882352941177,45,37.86513629842181
GRU classifier,0.015,99,44,44.44444444444444,51.76470588235294,41,34.499346405228756
GRU classifier,0.0175,115,48,41.73913043478261,56.470588235294116,37,32.399386189258315
GRU classifier,0.02,132,49,37.121212121212125,57.64705882352941,36,28.814795008912657
GRU classifier,0.0225,148,51,34.45945945945946,60.0,34,26.748648648648647
GRU classifier,0.025,165,56,33.93939393939394,65.88235294117646,29,26.344955436720145
GRU classifier,0.0275,181,57,31.49171270718232,67.05882352941177,28,24.44497887552811
GRU classifier,0.03,198,58,29.292929292929294,68.23529411764706,27,22.73820558526441
GRU classifier,0.0325,214,60,28.037383177570092,70.58823529411765,25,21.76360637713029
GRU classifier,0.035,231,61,26.406926406926406,71.76470588235294,24,20.49798828622358
GRU classifier,0.0375,247,61,24.696356275303643,71.76470588235294,24,19.170183376994522
GRU classifier,0.04,264,62,23.484848484848484,72.94117647058823,23,18.229768270944742
GRU classifier,0.0425,280,62,22.142857142857142,72.94117647058823,23,17.188067226890755
GRU classifier,0.045,297,64,21.54882154882155,75.29411764705883,21,16.726955832838186
GRU classifier,0.0475,313,68,21.72523961661342,80.0,17,16.863897763578276
GRU classifier,0.05,330,70,21.21212121212121,82.3529411764706,15,16.465597147950092
Transformer classifier,0.005,33,27,81.81818181818181,31.764705882352942,58,63.51016042780749
Transformer classifier,0.0075,49,35,71.42857142857143,41.1764705882353,50,55.445378151260506
Transformer classifier,0.01,66,38,57.57575757575758,44.705882352941174,47,44.69233511586454
Transformer classifier,0.0125,82,45,54.8780487804878,52.94117647058823,40,42.59827833572454
Transformer classifier,0.015,99,47,47.474747474747474,55.294117647058826,38,36.85157456922163
Transformer classifier,0.0175,115,51,44.34782608695652,60.0,34,34.42434782608696
Transformer classifier,0.02,132,51,38.63636363636363,60.0,34,29.990909090909092
Transformer classifier,0.0225,148,54,36.486486486486484,63.529411764705884,31,28.322098569157394
Transformer classifier,0.025,165,57,34.54545454545455,67.05882352941177,28,26.815401069518717
Transformer classifier,0.0275,181,59,32.59668508287293,69.41176470588235,26,25.302697432564187
Transformer classifier,0.03,198,61,30.80808080808081,71.76470588235294,24,23.914319667260845
Transformer classifier,0.0325,214,62,28.97196261682243,72.94117647058823,23,22.489059923034635
Transformer classifier,0.035,231,63,27.272727272727273,74.11764705882354,22,21.170053475935827
Transformer classifier,0.0375,247,64,25.910931174089068,75.29411764705883,21,20.11297928078114
Transformer classifier,0.04,264,65,24.62121212121212,76.47058823529412,20,19.11185383244207
Transformer classifier,0.0425,280,65,23.214285714285715,76.47058823529412,20,18.019747899159665
Transformer classifier,0.045,297,68,22.895622895622896,80.0,17,17.772390572390574
Transformer classifier,0.0475,313,70,22.364217252396166,82.3529411764706,15,17.359894756624694
Transformer classifier,0.05,330,70,21.21212121212121,82.3529411764706,15,16.465597147950092
VAE reconstruction (unsupervised),0.005,33,6,18.181818181818183,7.0588235294117645,79,14.113368983957221
VAE reconstruction (unsupervised),0.0075,49,12,24.489795918367346,14.117647058823529,73,19.00984393757503
VAE reconstruction (unsupervised),0.01,66,12,18.181818181818183,14.117647058823529,73,14.113368983957221
VAE reconstruction (unsupervised),0.0125,82,14,17.073170731707318,16.470588235294116,71,13.252797704447634
VAE reconstruction (unsupervised),0.015,99,15,15.151515151515152,17.647058823529413,70,11.76114081996435
VAE reconstruction (unsupervised),0.0175,115,15,13.043478260869565,17.647058823529413,70,10.124808184143223
VAE reconstruction (unsupervised),0.02,132,16,12.121212121212121,18.823529411764707,69,9.40891265597148
VAE reconstruction (unsupervised),0.0225,148,17,11.486486486486486,20.0,68,8.916216216216217
VAE reconstruction (unsupervised),0.025,165,18,10.909090909090908,21.176470588235293,67,8.468021390374332
VAE reconstruction (unsupervised),0.0275,181,18,9.94475138121547,21.176470588235293,67,7.7194670133246674
VAE reconstruction (unsupervised),0.03,198,20,10.1010101010101,23.529411764705884,65,7.8407605466429
VAE reconstruction (unsupervised),0.0325,214,20,9.345794392523365,23.529411764705884,65,7.254535459043431
VAE reconstruction (unsupervised),0.035,231,22,9.523809523809524,25.88235294117647,63,7.392717086834734
VAE reconstruction (unsupervised),0.0375,247,22,8.906882591093117,25.88235294117647,63,6.913836627768516
VAE reconstruction (unsupervised),0.04,264,24,9.090909090909092,28.235294117647058,61,7.0566844919786105
VAE reconstruction (unsupervised),0.0425,280,27,9.642857142857142,31.764705882352942,58,7.485126050420169
VAE reconstruction (unsupervised),0.045,297,29,9.764309764309765,34.11764705882353,56,7.579401861754803
VAE reconstruction (unsupervised),0.0475,313,30,9.584664536741213,35.294117647058826,55,7.439954895696298
VAE reconstruction (unsupervised),0.05,330,31,9.393939393939394,36.470588235294116,54,7.291907308377897
