Model,PR_AUC,Recall@2%,Precision@2%,Recall@5%
AERIS,0.2693881122664872,53.65853658536586,16.923076923076923,70.73170731707317
LightGBM (tuned),0.26858394195445245,48.78048780487805,15.384615384615385,75.60975609756098
"LightGBM (regression, tuned)",0.2610053404008961,53.65853658536586,16.923076923076923,75.60975609756098
Heuristic: composite score persistence,0.24801978742532788,51.21951219512195,16.153846153846153,78.04878048780488
AERIS-DB,0.23451015379454862,51.21951219512195,16.153846153846153,78.04878048780488
HistGBM (tuned),0.2251419563440667,51.21951219512195,16.153846153846153,75.60975609756098
LSTM classifier,0.21853753167814655,58.536585365853654,18.461538461538463,80.48780487804879
"HistGBM (regression, tuned)",0.2130804681788171,51.21951219512195,16.153846153846153,70.73170731707317
HistGBM,0.20111428404260792,51.21951219512195,16.153846153846153,68.29268292682927
XGBoost (tuned),0.1917055506797613,43.90243902439025,13.846153846153847,70.73170731707317
Transformer classifier,0.1909443341919019,51.21951219512195,16.153846153846153,73.17073170731707
"XGBoost (regression, tuned)",0.18747393610606516,51.21951219512195,16.153846153846153,73.17073170731707
GRU classifier,0.18448056288037812,48.78048780487805,15.384615384615385,75.60975609756098
AERIS (common recipe),0.1836137227906576,51.21951219512195,16.153846153846153,78.04878048780488
TCN classifier,0.18000926886661492,56.09756097560976,17.692307692307693,78.04878048780488
RF,0.1785199036361922,51.21951219512195,16.153846153846153,80.48780487804879
XGBoost,0.14002606954865884,39.02439024390244,12.307692307692308,56.09756097560976
LightGBM,0.11521782323741361,34.146341463414636,10.76923076923077,56.09756097560976
Isolation Forest,0.10500604993059645,46.34146341463415,14.615384615384617,53.65853658536586
Logistic Regression,0.09763543796610744,41.46341463414634,13.076923076923078,58.536585365853654
Heuristic: renewable ramp,0.07989856931520897,36.58536585365854,11.538461538461538,56.09756097560976
GBM,0.078227375720559,31.70731707317073,10.0,75.60975609756098
CART,0.07479103669356736,31.70731707317073,10.0,53.65853658536586
Heuristic: |system imbalance|,0.03580503475366913,4.878048780487805,1.5384615384615385,7.317073170731707
KDE (input space),0.02660489736454372,19.51219512195122,6.153846153846154,24.390243902439025
VAE reconstruction (unsupervised),0.02319224819890167,9.75609756097561,3.076923076923077,19.51219512195122
One-Class SVM,0.02262633033375291,14.634146341463413,4.615384615384616,24.390243902439025
