Model,PR_AUC,PR_AUC_lo,PR_AUC_hi,ROC_AUC,ROC_AUC_lo,ROC_AUC_hi,F1,F1_lo,F1_hi,Precision@1%,Precision@1%_lo,Precision@1%_hi,Recall@1%,Recall@1%_lo,Recall@1%_hi,Precision@2%,Precision@2%_lo,Precision@2%_hi,Recall@2%,Recall@2%_lo,Recall@2%_hi,Brier,Brier_lo,Brier_hi,Threshold
"LightGBM (regression, tuned)",0.627769387027195,0.4140766601100034,0.7471837090612825,0.9537495145455694,0.8975250833490436,0.9821198850106387,47.940074906367045,30.68032296650718,59.25925925925925,69.6969696969697,33.33333333333333,86.36363636363636,54.11764705882353,39.41279979144943,64.40677966101694,43.18181818181818,20.454545454545457,67.42424242424242,67.05882352941175,52.03979591836735,77.78100775193799,0.32122415678302263,0.28968613519971437,0.3550516826116162,0.9722436753693584
AERIS,0.6263529149494801,0.4110790099127434,0.7388977105275764,0.9518898853875958,0.8924849992376349,0.9815162703732747,48.275862068965516,32.03544364942789,58.53822449514817,66.66666666666666,33.29545454545454,87.87878787878788,51.76470588235295,38.887061403508774,61.82034632034631,44.696969696969695,20.454545454545457,64.41287878787877,69.41176470588235,53.40365087040619,78.82477216238608,0.32138874674814544,0.28994006876459777,0.3558899717047989,0.9729811778992107
"HistGBM (regression, tuned)",0.6050135649007762,0.3883270966682394,0.7349558770225816,0.952979109653995,0.8972465802770274,0.9805845600307225,58.536585365853654,40.0,68.13539873780837,69.6969696969697,30.26515151515152,87.87878787878788,54.11764705882353,36.83771929824561,62.264924218991645,40.909090909090914,19.696969696969695,65.9090909090909,63.52941176470588,48.71621621621621,74.57694377185902,,,,1.9197676212146144
LightGBM (tuned),0.5996229938605234,0.4005347582629878,0.7243103362226838,0.9641856558376459,0.9208469794291904,0.9842616401387414,53.398058252427184,34.95145631067961,64.86486486486487,62.121212121212125,31.818181818181817,86.36363636363636,48.23529411764706,37.177835051546396,61.82034632034631,41.66666666666667,19.696969696969695,63.65530303030301,64.70588235294117,51.612054329371816,77.4684675215472,0.008247106708821155,0.00519426793969429,0.012063060479218601,0.22546608196178863
AERIS-DB,0.5898462374677742,0.3260781177213857,0.7431456114470588,0.9588027564779943,0.9088016319799174,0.9848808635542655,55.55555555555556,33.33333333333333,68.26741254333439,63.63636363636363,30.303030303030305,86.36363636363636,49.411764705882355,34.74488723910912,63.293367801747195,42.42424242424242,19.6780303030303,63.63636363636363,65.88235294117646,49.58087367178276,78.89197530864197,,,,1.5821059126853965
HistGBM (tuned),0.589676456560572,0.37757410679901043,0.7043262902504447,0.9614851744474852,0.9135950002056792,0.9840324403767372,52.5,35.552742616033754,62.033915001407266,60.60606060606061,30.303030303030305,83.33333333333334,47.05882352941176,34.73647660818713,58.18249660786974,41.66666666666667,19.696969696969695,59.84848484848485,64.70588235294117,50.0,75.41483406637344,0.02725698283075937,0.01975040764328254,0.03725651204914847,0.9072807138992821
HistGBM,0.5713466118706683,0.3644055343257253,0.691060858944175,0.9586708935071035,0.9148328986726183,0.9809711951940194,49.23076923076923,34.37197859116022,58.228292249611364,57.57575757575758,28.78787878787879,83.33333333333334,44.70588235294118,34.48090470893586,56.36480186480186,39.39393939393939,19.6780303030303,59.09090909090909,61.1764705882353,49.135897852960305,73.91304347826086,0.0191012559348056,0.013955781747512472,0.02599071849632767,0.7415363206860223
"XGBoost (regression, tuned)",0.5644525673290192,0.35358119025464274,0.7062744692253348,0.9501232828460725,0.8909749121700747,0.978979080806284,55.61497326203209,36.61331626120359,66.67127071823204,62.121212121212125,30.303030303030305,81.81818181818183,48.23529411764706,34.55768479958355,61.541666666666664,41.66666666666667,19.696969696969695,64.39393939393939,64.70588235294117,48.275862068965516,75.71658986175115,,,,1.5840646524429327
LSTM classifier,0.5628197938872219,0.33423298695435,0.711993318227422,0.9703019300764987,0.93240639964185,0.9876816290468358,51.470588235294116,29.163306451612904,65.25163666121114,59.09090909090909,25.757575757575758,83.33333333333334,45.88235294117647,30.572978158205427,60.3830760434534,40.15151515151515,20.454545454545457,61.36363636363637,62.35294117647059,47.61709601873536,79.1044776119403,0.03736049541930375,0.028300042011120654,0.04909097836591857,0.9574136233329771
Transformer classifier,0.549973757453471,0.29420687461298745,0.7158780750071747,0.968081935676159,0.9335132820723197,0.9858488434019629,52.4390243902439,29.87477313974592,65.00290697674419,57.57575757575758,24.242424242424242,83.3712121212121,44.70588235294118,28.179027113237638,60.476476877840135,38.63636363636363,18.181818181818183,60.60606060606061,60.0,42.30263157894737,77.52808988764045,0.014778353119604142,0.009952174349956346,0.02102071209063734,0.7793908433914185
Heuristic: composite score persistence,0.5474214774378773,0.30890287082180296,0.683210386810695,0.9508187245418663,0.8909411014270412,0.9829841635117549,53.02325581395348,34.992768595041326,63.321867321867316,57.57575757575758,30.303030303030305,75.7954545454545,44.70588235294118,30.156510156510155,59.01639344262295,43.18181818181818,19.696969696969695,61.36363636363637,67.05882352941175,50.741979756390464,79.49074074074073,,,,1.8577588885454597
XGBoost (tuned),0.5280084391664863,0.32642296604539145,0.6704227271751397,0.966756080598983,0.9361561349464446,0.9818752294518156,51.68539325842697,30.503338469440166,64.65555957051416,56.060606060606055,27.27272727272727,75.75757575757575,43.529411764705884,30.644338380513496,57.610785953177256,41.66666666666667,17.40530303030303,60.60606060606061,64.70588235294117,44.44444444444444,76.11940298507463,0.008933467461033,0.005141268326432523,0.013991662694623513,0.09352817061543474
AERIS (common recipe),0.5266645544111823,0.27404492135326236,0.6783910931300748,0.9682192176732507,0.9338898636881106,0.9851895972374394,46.82926829268293,28.120799731182796,58.97679324894515,57.57575757575758,24.242424242424242,78.78787878787878,44.70588235294118,27.689655172413794,56.944883966244724,40.15151515151515,18.939393939393938,57.57575757575758,62.35294117647059,44.87068965517242,75.47169811320755,0.023046244194664698,0.016710021401450576,0.03114995691736635,0.8132947597503662
TCN classifier,0.5245437420578498,0.3170293465765814,0.651169794567283,0.9666729888639012,0.9305414628607805,0.9838817714152744,44.329896907216494,27.866575591985427,54.547797563261476,54.54545454545454,22.727272727272727,80.3030303030303,42.35294117647059,27.772988505747126,53.734213547646384,37.878787878787875,18.939393939393938,53.03030303030303,58.82352941176471,43.66133162612036,73.5354387656702,0.024184629421021137,0.018426267971620072,0.03186163097825062,0.6702067399024964
GRU classifier,0.5230235932155012,0.2734285703544638,0.6795878688751241,0.9678200160764445,0.9348174320228547,0.9846241057900678,49.36708860759494,27.586206896551722,61.9725352112676,59.09090909090909,24.204545454545457,80.3030303030303,45.88235294117647,27.774122807017545,55.82011980267794,37.121212121212125,17.424242424242426,57.57575757575758,57.647058823529406,40.67165524702489,74.19354838709677,0.022112443597732845,0.015980668056456777,0.03031440720560464,0.8711402587890625
LightGBM,0.4617550414835036,0.2456621897501198,0.6242402349611145,0.9546842965652406,0.91448277645639,0.9755358530772248,42.5287356321839,24.347826086956523,56.604988258158556,48.484848484848484,22.727272727272727,72.72727272727273,37.64705882352941,25.509241432422026,52.23880597014925,35.60606060606061,15.909090909090908,54.54545454545454,55.294117647058826,40.137323943661976,69.8126130783148,0.009726827142575122,0.005425318589289601,0.015524522130227768,0.03502817882759598
RF,0.42205500369638305,0.21588400121148002,0.5934822916810019,0.9587341154794484,0.9081131975110541,0.9820825617873773,46.236559139784944,27.867783321454024,56.758890469416784,46.96969696969697,25.757575757575758,65.15151515151516,36.470588235294116,23.010651629072683,50.81967213114754,37.878787878787875,18.181818181818183,54.54545454545454,58.82352941176471,43.47826086956522,74.65669014084506,0.020081370580806068,0.014566057653642335,0.02769852558743756,0.7089562248689687
Logistic Regression,0.34923215658558787,0.1398394962341039,0.6232223233550876,0.9428906892098157,0.8920543407692096,0.9722241075352376,47.31182795698925,22.409003831417625,62.33286242121277,51.515151515151516,19.696969696969695,74.24242424242425,40.0,19.230000000000004,54.41510695187165,35.60606060606061,14.393939393939394,57.57575757575758,55.294117647058826,34.089700193423596,71.9138301387971,0.02468052932404177,0.016680346184270722,0.034975442189960425,0.9082131810188296
XGBoost,0.33751934696514646,0.15203210105055287,0.5192603821764636,0.9515520994210673,0.9159370936608497,0.9731220184012356,29.81366459627329,12.630474788369526,44.68682443964045,34.84848484848485,15.151515151515152,59.09090909090909,27.058823529411764,14.280684104627765,41.34477611940298,27.27272727272727,13.636363636363635,43.93939393939394,42.35294117647059,28.713283750706086,60.0151515151515,0.010939930755668249,0.006220973411260726,0.01723434656679879,0.13697242963314088
Isolation Forest,0.30346162914880676,0.1683800869971296,0.4225765242739311,0.9255479990245753,0.8637139324673182,0.9565085416768749,28.57142857142857,17.140642303433,39.098774333093004,37.878787878787875,19.65909090909091,51.515151515151516,29.411764705882355,18.181818181818183,42.62295081967213,30.303030303030305,16.666666666666664,43.93939393939394,47.05882352941176,34.44191919191919,63.26903932304629,0.2196834066039741,0.214439487335696,0.22575975227650297,0.5297495964746229
Heuristic: renewable ramp,0.28963097339604627,0.08370029871629983,0.5085616435486543,0.9157594313635173,0.8655577860981984,0.9564350008020914,26.984126984126984,2.73972602739726,45.95114345114345,37.878787878787875,9.090909090909092,63.63636363636363,29.411764705882355,9.587410306588389,45.69295101553165,24.242424242424242,9.848484848484848,42.4431818181818,37.64705882352941,18.885416666666668,58.01103896103894,0.012382178410372943,0.006626206839868505,0.020038797327564396,0.031474826169199985
GBM,0.2557355103248619,0.1250786560388616,0.4799213967099227,0.9494079713875417,0.9035185736196625,0.9756117107453721,37.09090909090909,20.213114754098363,56.05284358399839,34.84848484848485,15.151515151515152,57.57575757575758,27.058823529411764,15.275580168776372,49.4642857142857,21.96969696969697,10.606060606060606,48.484848484848484,34.11764705882353,20.404715940430226,72.22701149425286,0.01487799138192099,0.007326019219897276,0.026637506358128307,0.2840147109087466
CART,0.24237086846567993,0.10782262899249326,0.35076601719055583,0.7007026670640619,0.5690436181515038,0.8138219301984433,44.32432432432433,26.53880190605855,54.962786259541986,36.36363636363637,19.65909090909091,51.515151515151516,28.235294117647058,16.216216216216218,45.66471571906353,32.57575757575758,13.636363636363635,51.515151515151516,50.588235294117645,35.714285714285715,59.6195652173913,0.039523018574104174,0.02898230262235037,0.05345620703375098,0.9827414904167864
KDE (input space),0.10648723730812912,0.03665826824218273,0.22788384343423418,0.7946080689300133,0.7314060818244827,0.8347438815578228,22.073578595317723,9.993445692883896,36.21597788264455,19.696969696969695,4.545454545454546,40.909090909090914,15.294117647058824,4.036796536796537,32.56051257712387,19.696969696969695,6.0606060606060606,34.84848484848485,30.58823529411765,13.9002689376961,44.06825223254966,,,,177.62031207469363
One-Class SVM,0.08866651583493869,0.026913602715022907,0.21928441393521575,0.7647094950370751,0.6546869458053463,0.841431462562663,8.091468777484609,3.102719950980647,15.07605799853013,19.696969696969695,3.0303030303030303,42.42424242424242,15.294117647058824,3.075757575757576,30.95559845559845,16.666666666666664,3.787878787878788,33.352272727272705,25.882352941176475,7.893997634535777,42.160633484162894,,,,3.305288815361265
VAE reconstruction (unsupervised),0.0724304893250412,0.016988189722855318,0.20188698547863992,0.723170852864407,0.5744979701072731,0.824155267269886,3.0337504740235115,1.5778275424146777,4.913624460329818,18.181818181818183,0.0,37.878787878787875,14.117647058823529,0.0,26.92796610169491,12.121212121212121,2.272727272727273,27.27272727272727,18.823529411764707,4.25531914893617,33.68449656750572,,,,0.46532713055610664
Heuristic: |system imbalance|,0.06096577719054368,0.020732581026880047,0.12650308900344479,0.7022570244127131,0.6159035357265394,0.7682624868436182,8.016032064128256,2.679586532989951,14.010507880910684,12.121212121212121,4.545454545454546,22.727272727272727,9.411764705882353,3.998684210526316,17.142857142857142,9.090909090909092,3.0303030303030303,19.696969696969695,14.117647058823529,6.0,25.612369337979093,,,,291.81608
