alpha,Valid Precision@2%,Valid Recall@2%,Valid PR_AUC,Test Precision@1%,Test Recall@1%,Test Precision@2%,Test Recall@2%,Test PR_AUC,Test cost (ratio 20),Test cost (ratio 50)
0.0,66.66666666666666,48.888888888888886,0.6477434334022752,66.66666666666666,51.76470588235295,44.696969696969695,69.41176470588235,0.6263529149494801,0.0988178235829039,0.21703546529251289
0.1,66.66666666666666,48.888888888888886,0.6476220362085435,66.66666666666666,51.76470588235295,44.696969696969695,69.41176470588235,0.626255252510466,0.0988178235829039,0.21703546529251289
0.2,66.66666666666666,48.888888888888886,0.647753610618501,66.66666666666666,51.76470588235295,44.696969696969695,69.41176470588235,0.6263567703260955,0.0988178235829039,0.21703546529251289
0.3,66.66666666666666,48.888888888888886,0.6476285077361549,66.66666666666666,51.76470588235295,44.696969696969695,69.41176470588235,0.6262578847443344,0.0988178235829039,0.21703546529251289
0.4,66.66666666666666,48.888888888888886,0.6477570577971796,66.66666666666666,51.76470588235295,44.696969696969695,69.41176470588235,0.6263590375641948,0.0988178235829039,0.21703546529251289
0.5,66.66666666666666,48.888888888888886,0.6477586529800992,66.66666666666666,51.76470588235295,44.696969696969695,69.41176470588235,0.6263596245312882,0.0988178235829039,0.21703546529251289
0.6,66.66666666666666,48.888888888888886,0.6476314218255038,66.66666666666666,51.76470588235295,44.696969696969695,69.41176470588235,0.6262595723496032,0.0988178235829039,0.21703546529251289
0.7,66.66666666666666,48.888888888888886,0.6477592769595467,66.66666666666666,51.76470588235295,44.696969696969695,69.41176470588235,0.6263602647941221,0.0988178235829039,0.21703546529251289
0.8,66.66666666666666,48.888888888888886,0.6477601756148335,66.66666666666666,51.76470588235295,44.696969696969695,69.41176470588235,0.6263604716151957,0.0988178235829039,0.21703546529251289
0.9,66.66666666666666,48.888888888888886,0.6477605270315998,66.66666666666666,51.76470588235295,44.696969696969695,69.41176470588235,0.6263604749912586,0.0988178235829039,0.21703546529251289
1.0,66.66666666666666,48.888888888888886,0.6477617025072712,66.66666666666666,51.76470588235295,44.696969696969695,69.41176470588235,0.6263603998938679,0.0988178235829039,0.21703546529251289
1.1,66.66666666666666,48.888888888888886,0.6476357291218908,66.66666666666666,51.76470588235295,44.696969696969695,69.41176470588235,0.6263603731181486,0.0988178235829039,0.21703546529251289
1.2,66.66666666666666,48.888888888888886,0.6476360051124762,66.66666666666666,51.76470588235295,44.696969696969695,69.41176470588235,0.6262602972636968,0.0988178235829039,0.21703546529251289
1.3,66.66666666666666,48.888888888888886,0.6477640625184719,66.66666666666666,51.76470588235295,44.696969696969695,69.41176470588235,0.6262601465857394,0.0988178235829039,0.21703546529251289
1.4,66.66666666666666,48.888888888888886,0.6477643393810649,66.66666666666666,51.76470588235295,44.696969696969695,69.41176470588235,0.6263603017312667,0.0988178235829039,0.21703546529251289
1.5,66.66666666666666,48.888888888888886,0.6477648939814753,66.66666666666666,51.76470588235295,44.696969696969695,69.41176470588235,0.6262601727276133,0.0988178235829039,0.21703546529251289
1.6,66.66666666666666,48.888888888888886,0.6476376671664813,66.66666666666666,51.76470588235295,44.696969696969695,69.41176470588235,0.6262602162960905,0.0988178235829039,0.21703546529251289
1.7,66.66666666666666,48.888888888888886,0.6476376671664813,66.66666666666666,51.76470588235295,44.696969696969695,69.41176470588235,0.6263605225075861,0.0988178235829039,0.21703546529251289
1.8,66.66666666666666,48.888888888888886,0.6477651717202153,66.66666666666666,51.76470588235295,44.696969696969695,69.41176470588235,0.6263609037847105,0.0988178235829039,0.21703546529251289
1.9,66.66666666666666,48.888888888888886,0.6477654497519287,66.66666666666666,51.76470588235295,44.696969696969695,69.41176470588235,0.6262606850876313,0.0988178235829039,0.21703546529251289
2.0,66.66666666666666,48.888888888888886,0.6477657280770793,66.66666666666666,51.76470588235295,44.696969696969695,69.41176470588235,0.6263609501769505,0.0988178235829039,0.21703546529251289
