Model,Cost ratio (miss/alert),Best budget (%),Cost per interval,Cost at fixed 2% budget,Cost of no-alert policy,Cost of alert-all policy,Saving vs no-alert (%)
Logistic Regression,5,1.5,0.046074568050924525,0.04880266747499242,0.0644134586238254,1.0,28.470588235294116
Logistic Regression,10,3.0,0.07396180660806305,0.07759927250682025,0.1288269172476508,1.0,42.58823529411765
Logistic Regression,20,3.5000000000000004,0.11685359199757503,0.1351924825704759,0.2576538344953016,1.0,54.647058823529406
Logistic Regression,50,5.0,0.23188845104577144,0.3079721127614429,0.6441345862382539,1.0,63.99999999999999
Logistic Regression,100,5.0,0.4137617459836314,0.5959381630797211,1.2882691724765079,1.0,67.88235294117646
Logistic Regression,200,5.0,0.7775083358593513,1.1718702637162777,2.5765383449530157,1.0,69.82352941176471
CART,5,1.5,0.04834798423764777,0.05183388905729009,0.0644134586238254,1.0,24.941176470588232
CART,10,1.5,0.08169142164292209,0.08366171567141559,0.1288269172476508,1.0,36.58823529411765
CART,20,4.5,0.129887844801455,0.14731736889966657,0.2576538344953016,1.0,49.588235294117645
CART,50,4.5,0.25719915125795695,0.33828432858441954,0.6441345862382539,1.0,60.07058823529412
CART,100,4.5,0.4693846620187936,0.6565625947256745,1.2882691724765079,1.0,63.56470588235293
CART,200,4.5,0.8937556835404669,1.2931191270081843,2.5765383449530157,1.0,65.31176470588235
RF,5,1.7500000000000002,0.04546832373446499,0.04652925128826917,0.0644134586238254,1.0,29.41176470588236
RF,10,3.25,0.06123067596241285,0.07305244013337375,0.1288269172476508,1.0,52.470588235294116
RF,20,5.0,0.08032737193088815,0.1260988178235829,0.2576538344953016,1.0,68.82352941176471
RF,50,5.0,0.12579569566535315,0.2852379508942104,0.6441345862382539,1.0,80.47058823529412
RF,100,5.0,0.20157623522279478,0.5504698393452562,1.2882691724765079,1.0,84.35294117647058
RF,200,5.0,0.3531373143376781,1.0809336162473477,2.5765383449530157,1.0,86.29411764705883
GBM,5,3.0,0.05274325553197939,0.06244316459533192,0.0644134586238254,1.0,18.11764705882353
GBM,10,3.75,0.06926341315550166,0.10488026674749924,0.1288269172476508,1.0,46.235294117647065
GBM,20,3.75,0.10109123976962715,0.18975447105183388,0.2576538344953016,1.0,60.76470588235294
GBM,50,5.0,0.18642012731130644,0.4443770839648378,0.6441345862382539,1.0,71.05882352941177
GBM,100,5.0,0.3228250985147014,0.868748105486511,1.2882691724765079,1.0,74.94117647058823
GBM,200,5.0,0.5956350409214913,1.7174901485298575,2.5765383449530157,1.0,76.88235294117646
HistGBM,5,1.25,0.044255835101545925,0.04501364049712034,0.0644134586238254,1.0,31.294117647058815
HistGBM,10,3.0,0.06335253107002121,0.07002121855107608,0.1288269172476508,1.0,50.82352941176471
HistGBM,20,3.25,0.09608972415883602,0.12003637465898757,0.2576538344953016,1.0,62.70588235294117
HistGBM,50,4.25,0.1788420733555623,0.27008184298272203,0.6441345862382539,1.0,72.23529411764706
HistGBM,100,4.25,0.31524704455895725,0.5201576235222795,1.2882691724765079,1.0,75.52941176470588
HistGBM,200,4.25,0.5880569869657472,1.0203091846013943,2.5765383449530157,1.0,77.17647058823529
XGBoost,5,2.25,0.055774477114277056,0.057138526826311,0.0644134586238254,1.0,13.411764705882344
XGBoost,10,3.25,0.08548044862079418,0.09427099120945741,0.1288269172476508,1.0,33.647058823529406
XGBoost,20,5.0,0.1288269172476508,0.16853591997575024,0.2576538344953016,1.0,50.0
XGBoost,50,5.0,0.24704455895725977,0.3913307062746287,0.6441345862382539,1.0,61.64705882352941
XGBoost,100,5.0,0.4440739618066081,0.7626553501060928,1.2882691724765079,1.0,65.52941176470588
XGBoost,200,5.0,0.8381327675053046,1.505304637769021,2.5765383449530157,1.0,67.47058823529412
LightGBM,5,1.7500000000000002,0.04774173992118824,0.04880266747499242,0.0644134586238254,1.0,25.882352941176467
LightGBM,10,2.25,0.07396180660806305,0.07759927250682025,0.1288269172476508,1.0,42.58823529411765
LightGBM,20,3.75,0.11624734768111548,0.1351924825704759,0.2576538344953016,1.0,54.88235294117647
LightGBM,50,5.0,0.22431039709002729,0.3079721127614429,0.6441345862382539,1.0,65.17647058823528
LightGBM,100,5.0,0.39860563807214305,0.5959381630797211,1.2882691724765079,1.0,69.05882352941177
LightGBM,200,5.0,0.7471961200363747,1.1718702637162777,2.5765383449530157,1.0,71.0
Isolation Forest,5,2.5,0.05304637769020915,0.05410730524401334,0.0644134586238254,1.0,17.647058823529417
Isolation Forest,10,3.75,0.07835707790239467,0.08820854804486208,0.1288269172476508,1.0,39.17647058823529
Isolation Forest,20,4.75,0.1171567141558048,0.15641103364655956,0.2576538344953016,1.0,54.529411764705884
Isolation Forest,50,4.75,0.22173385874507426,0.361018490451652,0.6441345862382539,1.0,65.5764705882353
Isolation Forest,100,4.75,0.3960290997271901,0.7020309184601394,1.2882691724765079,1.0,69.25882352941176
Isolation Forest,200,4.75,0.7446195816914216,1.3840557744771143,2.5765383449530157,1.0,71.1
One-Class SVM,5,0.5,0.06335253107002121,0.06774780236435284,0.0644134586238254,1.0,1.6470588235294126
One-Class SVM,10,2.5,0.11442861473173689,0.11548954228554108,0.1288269172476508,1.0,11.176470588235288
One-Class SVM,20,3.5000000000000004,0.20172779630190968,0.21097302212791755,0.2576538344953016,1.0,21.705882352941174
One-Class SVM,50,5.0,0.45165201576235225,0.497423461655047,0.6441345862382539,1.0,29.88235294117646
One-Class SVM,100,5.0,0.853288875416793,0.9748408608669293,1.2882691724765079,1.0,33.76470588235293
One-Class SVM,200,5.0,1.6565625947256744,1.929675659290694,2.5765383449530157,1.0,35.705882352941174
KDE (input space),5,1.5,0.06198848135798727,0.06471658078205517,0.0644134586238254,1.0,3.7647058823529367
KDE (input space),10,1.5,0.1089724158836011,0.10942709912094574,0.1288269172476508,1.0,15.411764705882348
KDE (input space),20,3.25,0.19005759321006366,0.1988481357987269,0.2576538344953016,1.0,26.235294117647058
KDE (input space),50,4.5,0.41633828432858444,0.4671112458320703,0.6441345862382539,1.0,35.36470588235293
KDE (input space),100,4.5,0.7876629281600485,0.914216429220976,1.2882691724765079,1.0,38.85882352941176
KDE (input space),200,4.5,1.5303122158229767,1.8084267959987874,2.5765383449530157,1.0,40.60588235294117
Heuristic: composite score persistence,5,2.25,0.040618369202788725,0.041224613519248256,0.0644134586238254,1.0,36.94117647058823
Heuristic: composite score persistence,10,2.5,0.05835101545923007,0.06244316459533192,0.1288269172476508,1.0,54.70588235294118
Heuristic: composite score persistence,20,4.5,0.08138829948469233,0.10488026674749924,0.2576538344953016,1.0,68.41176470588235
Heuristic: composite score persistence,50,4.5,0.13595028796605033,0.23219157320400122,0.6441345862382539,1.0,78.89411764705882
Heuristic: composite score persistence,100,4.5,0.22688693543498029,0.4443770839648378,1.2882691724765079,1.0,82.38823529411765
Heuristic: composite score persistence,200,4.5,0.40876023037284026,0.868748105486511,2.5765383449530157,1.0,84.13529411764705
Heuristic: renewable ramp,5,1.0,0.05547135495604729,0.06016974840860867,0.0644134586238254,1.0,13.882352941176467
Heuristic: renewable ramp,10,3.75,0.09199757502273416,0.10033343437405275,0.1288269172476508,1.0,28.58823529411765
Heuristic: renewable ramp,20,5.0,0.14398302515913913,0.18066080630494089,0.2576538344953016,1.0,44.11764705882353
Heuristic: renewable ramp,50,5.0,0.2849348287359806,0.42164292209760534,0.6441345862382539,1.0,55.76470588235294
Heuristic: renewable ramp,100,5.0,0.5198545013640498,0.8232797817520461,1.2882691724765079,1.0,59.647058823529406
Heuristic: renewable ramp,200,5.0,0.9896938466201879,1.6265535010609276,2.5765383449530157,1.0,61.588235294117645
Heuristic: |system imbalance|,5,0.5,0.06562594725674446,0.075325856320097,0.0644134586238254,1.0,-1.8823529411764683
Heuristic: |system imbalance|,10,0.75,0.12564413458623824,0.1306456501970294,0.1288269172476508,1.0,2.4705882352941244
Heuristic: |system imbalance|,20,2.5,0.23719308881479237,0.2412852379508942,0.2576538344953016,1.0,7.941176470588229
Heuristic: |system imbalance|,50,3.75,0.5527432555319793,0.5732040012124886,0.6441345862382539,1.0,14.188235294117646
Heuristic: |system imbalance|,100,3.75,1.0680509245225827,1.1264019399818126,1.2882691724765079,1.0,17.094117647058805
Heuristic: |system imbalance|,200,3.75,2.098666262503789,2.232797817520461,2.5765383449530157,1.0,18.547058823529394
HistGBM (tuned),5,2.0,0.04274022431039709,0.04274022431039709,0.0644134586238254,1.0,33.647058823529406
HistGBM (tuned),10,3.25,0.06274628675356168,0.06547438617762959,0.1288269172476508,1.0,51.294117647058826
HistGBM (tuned),20,5.0,0.08942103667778115,0.11094270991209458,0.2576538344953016,1.0,65.29411764705883
HistGBM (tuned),50,5.0,0.14852985753258563,0.24734768111548955,0.6441345862382539,1.0,76.94117647058823
HistGBM (tuned),100,5.0,0.24704455895725977,0.4746892997878145,1.2882691724765079,1.0,80.82352941176471
HistGBM (tuned),200,5.0,0.4440739618066081,0.9293725371324644,2.5765383449530157,1.0,82.76470588235294
XGBoost (tuned),5,1.7500000000000002,0.042437102152167325,0.04274022431039709,0.0644134586238254,1.0,34.11764705882353
XGBoost (tuned),10,2.0,0.06547438617762959,0.06547438617762959,0.1288269172476508,1.0,49.17647058823529
XGBoost (tuned),20,5.0,0.10457714458926948,0.11094270991209458,0.2576538344953016,1.0,59.411764705882355
XGBoost (tuned),50,5.0,0.18642012731130644,0.24734768111548955,0.6441345862382539,1.0,71.05882352941177
XGBoost (tuned),100,5.0,0.3228250985147014,0.4746892997878145,1.2882691724765079,1.0,74.94117647058823
XGBoost (tuned),200,5.0,0.5956350409214913,0.9293725371324644,2.5765383449530157,1.0,76.88235294117646
LightGBM (tuned),5,1.5,0.040012124886329194,0.04274022431039709,0.0644134586238254,1.0,37.882352941176464
LightGBM (tuned),10,2.5,0.059866626250378904,0.06547438617762959,0.1288269172476508,1.0,53.529411764705884
LightGBM (tuned),20,4.5,0.08441952106699,0.11094270991209458,0.2576538344953016,1.0,67.23529411764706
LightGBM (tuned),50,5.0,0.14095180357684148,0.24734768111548955,0.6441345862382539,1.0,78.11764705882352
LightGBM (tuned),100,5.0,0.23188845104577144,0.4746892997878145,1.2882691724765079,1.0,82.0
LightGBM (tuned),200,5.0,0.4137617459836314,0.9293725371324644,2.5765383449530157,1.0,83.94117647058823
"HistGBM (regression, tuned)",5,1.0,0.03955744164898454,0.043498029705971504,0.0644134586238254,1.0,38.588235294117645
"HistGBM (regression, tuned)",10,3.5000000000000004,0.06380721430736587,0.06698999696877841,0.1288269172476508,1.0,50.47058823529411
"HistGBM (regression, tuned)",20,4.25,0.09093664746892997,0.11397393149439224,0.2576538344953016,1.0,64.70588235294117
"HistGBM (regression, tuned)",50,4.25,0.16368596544407396,0.25492573507123373,0.6441345862382539,1.0,74.58823529411764
"HistGBM (regression, tuned)",100,5.0,0.27735677478023646,0.4898454076993028,1.2882691724765079,1.0,78.47058823529412
"HistGBM (regression, tuned)",200,5.0,0.5046983934525614,0.9596847529554411,2.5765383449530157,1.0,80.41176470588235
"XGBoost (regression, tuned)",5,1.5,0.040012124886329194,0.04274022431039709,0.0644134586238254,1.0,37.882352941176464
"XGBoost (regression, tuned)",10,2.75,0.06380721430736587,0.06547438617762959,0.1288269172476508,1.0,50.47058823529411
"XGBoost (regression, tuned)",20,5.0,0.08942103667778115,0.11094270991209458,0.2576538344953016,1.0,65.29411764705883
"XGBoost (regression, tuned)",50,5.0,0.14852985753258563,0.24734768111548955,0.6441345862382539,1.0,76.94117647058823
"XGBoost (regression, tuned)",100,5.0,0.24704455895725977,0.4746892997878145,1.2882691724765079,1.0,80.82352941176471
"XGBoost (regression, tuned)",200,5.0,0.4440739618066081,0.9293725371324644,2.5765383449530157,1.0,82.76470588235294
"LightGBM (regression, tuned)",5,1.5,0.03849651409518036,0.041224613519248256,0.0644134586238254,1.0,40.23529411764706
"LightGBM (regression, tuned)",10,2.75,0.059260381933919366,0.06244316459533192,0.1288269172476508,1.0,54.0
"LightGBM (regression, tuned)",20,3.75,0.08593513185813884,0.10488026674749924,0.2576538344953016,1.0,66.64705882352942
"LightGBM (regression, tuned)",50,5.0,0.14095180357684148,0.23219157320400122,0.6441345862382539,1.0,78.11764705882352
"LightGBM (regression, tuned)",100,5.0,0.23188845104577144,0.4443770839648378,1.2882691724765079,1.0,82.0
"LightGBM (regression, tuned)",200,5.0,0.4137617459836314,0.868748105486511,2.5765383449530157,1.0,83.94117647058823
AERIS,5,2.0,0.03970900272809942,0.03970900272809942,0.0644134586238254,1.0,38.35294117647059
AERIS,10,2.25,0.05880569869657472,0.059411943013034256,0.1288269172476508,1.0,54.35294117647058
AERIS,20,3.75,0.08896635344043649,0.0988178235829039,0.2576538344953016,1.0,65.47058823529413
AERIS,50,5.0,0.14852985753258563,0.21703546529251289,0.6441345862382539,1.0,76.94117647058823
AERIS,100,5.0,0.24704455895725977,0.41406486814186116,1.2882691724765079,1.0,80.82352941176471
AERIS,200,5.0,0.4440739618066081,0.8081236738405577,2.5765383449530157,1.0,82.76470588235294
AERIS-DB,5,1.7500000000000002,0.041679296756592904,0.041982418914822676,0.0644134586238254,1.0,35.29411764705883
AERIS-DB,10,3.5000000000000004,0.059260381933919366,0.06395877538648075,0.1288269172476508,1.0,54.0
AERIS-DB,20,3.5000000000000004,0.0835101545923007,0.10791148832979691,0.2576538344953016,1.0,67.58823529411765
AERIS-DB,50,4.5,0.15110639587753866,0.23976962715974537,0.6441345862382539,1.0,76.54117647058824
AERIS-DB,100,4.5,0.25719915125795695,0.4595331918763262,1.2882691724765079,1.0,80.03529411764706
AERIS-DB,200,4.5,0.4693846620187936,0.8990603213094878,2.5765383449530157,1.0,81.78235294117646
AERIS (common recipe),5,2.0,0.044255835101545925,0.044255835101545925,0.0644134586238254,1.0,31.294117647058815
AERIS (common recipe),10,3.75,0.058654137617459835,0.06850560775992726,0.1288269172476508,1.0,54.470588235294116
AERIS (common recipe),20,3.75,0.0798726886935435,0.1170051530766899,0.2576538344953016,1.0,69.0
AERIS (common recipe),50,5.0,0.1333737496210973,0.26250378902697785,0.6441345862382539,1.0,79.29411764705883
AERIS (common recipe),100,5.0,0.2167323431342831,0.5050015156107911,1.2882691724765079,1.0,83.17647058823529
AERIS (common recipe),200,5.0,0.38344953016065475,0.9899969687784177,2.5765383449530157,1.0,85.11764705882354
TCN classifier,5,2.25,0.04440739618066081,0.04652925128826917,0.0644134586238254,1.0,31.05882352941176
TCN classifier,10,3.5000000000000004,0.0607759927250682,0.07305244013337375,0.1288269172476508,1.0,52.82352941176471
TCN classifier,20,4.0,0.08244922703849651,0.1260988178235829,0.2576538344953016,1.0,68.0
TCN classifier,50,4.75,0.14595331918763263,0.2852379508942104,0.6441345862382539,1.0,77.34117647058822
TCN classifier,100,4.75,0.24446802061230677,0.5504698393452562,1.2882691724765079,1.0,81.0235294117647
TCN classifier,200,4.75,0.44149742346165505,1.0809336162473477,2.5765383449530157,1.0,82.86470588235294
LSTM classifier,5,2.75,0.04258866323128221,0.044255835101545925,0.0644134586238254,1.0,33.882352941176464
LSTM classifier,10,2.75,0.05774477114277054,0.06850560775992726,0.1288269172476508,1.0,55.17647058823529
LSTM classifier,20,4.5,0.075325856320097,0.1170051530766899,0.2576538344953016,1.0,70.76470588235294
LSTM classifier,50,4.5,0.120794180054562,0.26250378902697785,0.6441345862382539,1.0,81.2470588235294
LSTM classifier,100,4.5,0.19657471961200365,0.5050015156107911,1.2882691724765079,1.0,84.74117647058823
LSTM classifier,200,4.5,0.34813579872688694,0.9899969687784177,2.5765383449530157,1.0,86.48823529411764
GRU classifier,5,1.0,0.044862079418005456,0.04728705668384359,0.0644134586238254,1.0,30.352941176470583
GRU classifier,10,2.5,0.0689602909972719,0.07456805092452258,0.1288269172476508,1.0,46.470588235294116
GRU classifier,20,5.0,0.09548347984237648,0.12913003940588058,0.2576538344953016,1.0,62.94117647058823
GRU classifier,50,5.0,0.16368596544407396,0.2928160048499545,0.6441345862382539,1.0,74.58823529411764
GRU classifier,100,5.0,0.27735677478023646,0.5656259472567444,1.2882691724765079,1.0,78.47058823529412
GRU classifier,200,5.0,0.5046983934525614,1.1112458320703242,2.5765383449530157,1.0,80.41176470588235
Transformer classifier,5,1.25,0.04274022431039709,0.04577144589269476,0.0644134586238254,1.0,33.647058823529406
Transformer classifier,10,3.0,0.06638375265231888,0.07153682934222491,0.1288269172476508,1.0,48.47058823529412
Transformer classifier,20,4.75,0.09290694149742346,0.12306759624128524,0.2576538344953016,1.0,63.94117647058823
Transformer classifier,50,4.75,0.16110942709912093,0.2776598969384662,0.6441345862382539,1.0,74.98823529411764
Transformer classifier,100,4.75,0.27478023643528343,0.5353137314337678,1.2882691724765079,1.0,78.67058823529412
Transformer classifier,200,4.75,0.5021218551076083,1.050621400424371,2.5765383449530157,1.0,80.51176470588234
VAE reconstruction (unsupervised),5,0.75,0.06274628675356168,0.07229463473779933,0.0644134586238254,1.0,2.5882352941176467
VAE reconstruction (unsupervised),10,0.75,0.11806608063049409,0.12458320703243407,0.1288269172476508,1.0,8.352941176470585
VAE reconstruction (unsupervised),20,5.0,0.21370112155198545,0.22916035162170353,0.2576538344953016,1.0,17.05882352941176
VAE reconstruction (unsupervised),50,5.0,0.4592300697180964,0.542891785389512,0.6441345862382539,1.0,28.70588235294117
VAE reconstruction (unsupervised),100,5.0,0.8684449833282814,1.0657775083358594,1.2882691724765079,1.0,32.58823529411763
VAE reconstruction (unsupervised),200,5.0,1.686874810548651,2.111548954228554,2.5765383449530157,1.0,34.52941176470588
