Model,Trial,Valid PR_AUC,Seconds,Params
HistGBM,0,0.6327462161250956,9.478127499984112,"{""max_iter"": 200, ""learning_rate"": 0.12, ""max_depth"": 8, ""min_samples_leaf"": 20, ""l2_regularization"": 0.1, ""max_leaf_nodes"": 63}"
HistGBM,1,0.6178091915673128,8.045902500045486,"{""max_iter"": 200, ""learning_rate"": 0.08, ""max_depth"": 4, ""min_samples_leaf"": 10, ""l2_regularization"": 0.1, ""max_leaf_nodes"": 63}"
HistGBM,2,0.6272607072169362,7.454430700046942,"{""max_iter"": 600, ""learning_rate"": 0.12, ""max_depth"": 8, ""min_samples_leaf"": 80, ""l2_regularization"": 0.1, ""max_leaf_nodes"": 15}"
HistGBM,3,0.6335460110446475,22.901874399976805,"{""max_iter"": 900, ""learning_rate"": 0.05, ""max_depth"": 8, ""min_samples_leaf"": 20, ""l2_regularization"": 0.0, ""max_leaf_nodes"": 63}"
HistGBM,4,0.6362963627188687,8.078399100049865,"{""max_iter"": 900, ""learning_rate"": 0.08, ""max_depth"": 6, ""min_samples_leaf"": 80, ""l2_regularization"": 0.1, ""max_leaf_nodes"": 31}"
HistGBM,5,0.6316479181465708,13.716787000012118,"{""max_iter"": 400, ""learning_rate"": 0.02, ""max_depth"": 4, ""min_samples_leaf"": 40, ""l2_regularization"": 1.0, ""max_leaf_nodes"": 15}"
HistGBM,6,0.6448878669052337,5.267337700002827,"{""max_iter"": 900, ""learning_rate"": 0.12, ""max_depth"": 6, ""min_samples_leaf"": 40, ""l2_regularization"": 0.0, ""max_leaf_nodes"": 63}"
HistGBM,7,0.6388020264809391,9.259723600000143,"{""max_iter"": 600, ""learning_rate"": 0.05, ""max_depth"": 4, ""min_samples_leaf"": 80, ""l2_regularization"": 0.1, ""max_leaf_nodes"": 63}"
HistGBM,8,0.645612711933288,10.12698589998763,"{""max_iter"": 600, ""learning_rate"": 0.12, ""max_depth"": 10, ""min_samples_leaf"": 10, ""l2_regularization"": 0.1, ""max_leaf_nodes"": 31}"
HistGBM,9,0.6386442868284151,54.24305509997066,"{""max_iter"": 400, ""learning_rate"": 0.02, ""max_depth"": 8, ""min_samples_leaf"": 10, ""l2_regularization"": 1.0, ""max_leaf_nodes"": 63}"
HistGBM,10,0.6325476996827871,8.066395599977113,"{""max_iter"": 900, ""learning_rate"": 0.08, ""max_depth"": 6, ""min_samples_leaf"": 80, ""l2_regularization"": 0.1, ""max_leaf_nodes"": 15}"
HistGBM,11,0.6253883325599233,7.413510199985467,"{""max_iter"": 900, ""learning_rate"": 0.05, ""max_depth"": 4, ""min_samples_leaf"": 20, ""l2_regularization"": 1.0, ""max_leaf_nodes"": 15}"
HistGBM,12,0.6224931814182298,19.266109800024424,"{""max_iter"": 400, ""learning_rate"": 0.02, ""max_depth"": 8, ""min_samples_leaf"": 20, ""l2_regularization"": 0.0, ""max_leaf_nodes"": 15}"
HistGBM,13,0.6221254798958894,19.643149100011215,"{""max_iter"": 600, ""learning_rate"": 0.08, ""max_depth"": 10, ""min_samples_leaf"": 20, ""l2_regularization"": 0.0, ""max_leaf_nodes"": 63}"
HistGBM,14,0.6220406645834262,5.123412000015378,"{""max_iter"": 600, ""learning_rate"": 0.08, ""max_depth"": 4, ""min_samples_leaf"": 20, ""l2_regularization"": 1.0, ""max_leaf_nodes"": 63}"
HistGBM,15,0.6294864336937398,5.26248899998609,"{""max_iter"": 400, ""learning_rate"": 0.12, ""max_depth"": 10, ""min_samples_leaf"": 20, ""l2_regularization"": 1.0, ""max_leaf_nodes"": 15}"
XGBoost,0,0.6364953888775283,17.992266900022514,"{""n_estimators"": 200, ""max_depth"": 6, ""learning_rate"": 0.08, ""subsample"": 0.8, ""colsample_bytree"": 0.6, ""min_child_weight"": 10.0, ""reg_lambda"": 0.5, ""tree_method"": ""hist""}"
XGBoost,1,0.6245680276830323,40.24866939999629,"{""n_estimators"": 700, ""max_depth"": 4, ""learning_rate"": 0.02, ""subsample"": 0.8, ""colsample_bytree"": 1.0, ""min_child_weight"": 6.0, ""reg_lambda"": 5.0, ""tree_method"": ""hist""}"
XGBoost,2,0.5826366033638564,78.5294477000134,"{""n_estimators"": 700, ""max_depth"": 6, ""learning_rate"": 0.08, ""subsample"": 0.6, ""colsample_bytree"": 1.0, ""min_child_weight"": 3.0, ""reg_lambda"": 1.0, ""tree_method"": ""hist""}"
XGBoost,3,0.5957581318275729,16.259953500004485,"{""n_estimators"": 400, ""max_depth"": 3, ""learning_rate"": 0.12, ""subsample"": 1.0, ""colsample_bytree"": 0.8, ""min_child_weight"": 3.0, ""reg_lambda"": 5.0, ""tree_method"": ""hist""}"
XGBoost,4,0.6317148072055169,44.97849579999456,"{""n_estimators"": 700, ""max_depth"": 5, ""learning_rate"": 0.05, ""subsample"": 0.6, ""colsample_bytree"": 0.4, ""min_child_weight"": 6.0, ""reg_lambda"": 5.0, ""tree_method"": ""hist""}"
XGBoost,5,0.5829536510945807,54.21410599997034,"{""n_estimators"": 200, ""max_depth"": 8, ""learning_rate"": 0.12, ""subsample"": 0.6, ""colsample_bytree"": 0.8, ""min_child_weight"": 1.0, ""reg_lambda"": 5.0, ""tree_method"": ""hist""}"
XGBoost,6,0.628971976869393,34.924849900009576,"{""n_estimators"": 700, ""max_depth"": 4, ""learning_rate"": 0.02, ""subsample"": 1.0, ""colsample_bytree"": 0.6, ""min_child_weight"": 10.0, ""reg_lambda"": 5.0, ""tree_method"": ""hist""}"
XGBoost,7,0.6351441683137391,90.93676999997115,"{""n_estimators"": 1000, ""max_depth"": 6, ""learning_rate"": 0.02, ""subsample"": 0.8, ""colsample_bytree"": 0.6, ""min_child_weight"": 3.0, ""reg_lambda"": 0.5, ""tree_method"": ""hist""}"
XGBoost,8,0.605862467817459,28.67769889999181,"{""n_estimators"": 700, ""max_depth"": 3, ""learning_rate"": 0.08, ""subsample"": 1.0, ""colsample_bytree"": 1.0, ""min_child_weight"": 6.0, ""reg_lambda"": 1.0, ""tree_method"": ""hist""}"
XGBoost,9,0.6047653268473503,64.75869950000197,"{""n_estimators"": 1000, ""max_depth"": 5, ""learning_rate"": 0.05, ""subsample"": 1.0, ""colsample_bytree"": 0.6, ""min_child_weight"": 1.0, ""reg_lambda"": 1.0, ""tree_method"": ""hist""}"
XGBoost,10,0.5976174671954181,39.54389390000142,"{""n_estimators"": 1000, ""max_depth"": 3, ""learning_rate"": 0.05, ""subsample"": 0.6, ""colsample_bytree"": 0.8, ""min_child_weight"": 3.0, ""reg_lambda"": 0.5, ""tree_method"": ""hist""}"
XGBoost,11,0.6360489749072256,13.97778949997155,"{""n_estimators"": 200, ""max_depth"": 5, ""learning_rate"": 0.08, ""subsample"": 1.0, ""colsample_bytree"": 0.6, ""min_child_weight"": 1.0, ""reg_lambda"": 5.0, ""tree_method"": ""hist""}"
XGBoost,12,0.6314750292878767,73.66136779997032,"{""n_estimators"": 700, ""max_depth"": 6, ""learning_rate"": 0.02, ""subsample"": 0.6, ""colsample_bytree"": 1.0, ""min_child_weight"": 10.0, ""reg_lambda"": 1.0, ""tree_method"": ""hist""}"
XGBoost,13,0.6399492815212519,206.02922690002015,"{""n_estimators"": 1000, ""max_depth"": 8, ""learning_rate"": 0.05, ""subsample"": 1.0, ""colsample_bytree"": 0.6, ""min_child_weight"": 1.0, ""reg_lambda"": 5.0, ""tree_method"": ""hist""}"
XGBoost,14,0.581164371620244,29.024670299957506,"{""n_estimators"": 700, ""max_depth"": 3, ""learning_rate"": 0.12, ""subsample"": 0.6, ""colsample_bytree"": 1.0, ""min_child_weight"": 1.0, ""reg_lambda"": 5.0, ""tree_method"": ""hist""}"
XGBoost,15,0.6392814614701776,105.5168761999812,"{""n_estimators"": 1000, ""max_depth"": 6, ""learning_rate"": 0.08, ""subsample"": 0.8, ""colsample_bytree"": 0.8, ""min_child_weight"": 3.0, ""reg_lambda"": 5.0, ""tree_method"": ""hist""}"
LightGBM,0,0.6020978156518646,17.306610200030264,"{""n_estimators"": 200, ""num_leaves"": 127, ""learning_rate"": 0.08, ""subsample"": 0.8, ""colsample_bytree"": 0.6, ""min_child_samples"": 80, ""reg_lambda"": 0.0, ""verbose"": -1}"
LightGBM,1,0.642568495958826,20.905987600039225,"{""n_estimators"": 700, ""num_leaves"": 15, ""learning_rate"": 0.02, ""subsample"": 0.8, ""colsample_bytree"": 1.0, ""min_child_samples"": 40, ""reg_lambda"": 5.0, ""verbose"": -1}"
LightGBM,2,0.6266467394192821,94.94292130001122,"{""n_estimators"": 700, ""num_leaves"": 127, ""learning_rate"": 0.08, ""subsample"": 0.6, ""colsample_bytree"": 1.0, ""min_child_samples"": 20, ""reg_lambda"": 1.0, ""verbose"": -1}"
LightGBM,3,0.5995514792554683,9.59502920001978,"{""n_estimators"": 400, ""num_leaves"": 15, ""learning_rate"": 0.12, ""subsample"": 1.0, ""colsample_bytree"": 0.8, ""min_child_samples"": 20, ""reg_lambda"": 5.0, ""verbose"": -1}"
LightGBM,4,0.6093176792180961,14.408284900011495,"{""n_estimators"": 700, ""num_leaves"": 31, ""learning_rate"": 0.05, ""subsample"": 0.6, ""colsample_bytree"": 0.4, ""min_child_samples"": 40, ""reg_lambda"": 5.0, ""verbose"": -1}"
LightGBM,5,0.6106671161174196,23.887841400050092,"{""n_estimators"": 200, ""num_leaves"": 127, ""learning_rate"": 0.12, ""subsample"": 0.6, ""colsample_bytree"": 0.8, ""min_child_samples"": 10, ""reg_lambda"": 5.0, ""verbose"": -1}"
LightGBM,6,0.6344538450501928,21.670372000022326,"{""n_estimators"": 700, ""num_leaves"": 31, ""learning_rate"": 0.02, ""subsample"": 1.0, ""colsample_bytree"": 0.6, ""min_child_samples"": 80, ""reg_lambda"": 5.0, ""verbose"": -1}"
LightGBM,7,0.6272565800619012,86.50519629998598,"{""n_estimators"": 1000, ""num_leaves"": 127, ""learning_rate"": 0.02, ""subsample"": 0.8, ""colsample_bytree"": 0.6, ""min_child_samples"": 20, ""reg_lambda"": 0.0, ""verbose"": -1}"
LightGBM,8,0.6009098823105932,18.261566300003324,"{""n_estimators"": 700, ""num_leaves"": 15, ""learning_rate"": 0.08, ""subsample"": 1.0, ""colsample_bytree"": 1.0, ""min_child_samples"": 40, ""reg_lambda"": 1.0, ""verbose"": -1}"
LightGBM,9,0.6213570361058331,27.957232699962333,"{""n_estimators"": 1000, ""num_leaves"": 31, ""learning_rate"": 0.05, ""subsample"": 1.0, ""colsample_bytree"": 0.6, ""min_child_samples"": 10, ""reg_lambda"": 1.0, ""verbose"": -1}"
LightGBM,10,0.6242566474843826,22.022609499981627,"{""n_estimators"": 1000, ""num_leaves"": 15, ""learning_rate"": 0.05, ""subsample"": 0.6, ""colsample_bytree"": 0.8, ""min_child_samples"": 20, ""reg_lambda"": 0.0, ""verbose"": -1}"
LightGBM,11,0.6252476492260245,10.977485199982766,"{""n_estimators"": 200, ""num_leaves"": 63, ""learning_rate"": 0.08, ""subsample"": 1.0, ""colsample_bytree"": 0.6, ""min_child_samples"": 10, ""reg_lambda"": 5.0, ""verbose"": -1}"
LightGBM,12,0.622722017839294,52.40935000003083,"{""n_estimators"": 700, ""num_leaves"": 63, ""learning_rate"": 0.02, ""subsample"": 0.6, ""colsample_bytree"": 1.0, ""min_child_samples"": 80, ""reg_lambda"": 1.0, ""verbose"": -1}"
LightGBM,13,0.6382488613608334,88.3425270000007,"{""n_estimators"": 1000, ""num_leaves"": 127, ""learning_rate"": 0.05, ""subsample"": 1.0, ""colsample_bytree"": 0.6, ""min_child_samples"": 10, ""reg_lambda"": 5.0, ""verbose"": -1}"
LightGBM,14,0.6225002311440143,19.42888349998975,"{""n_estimators"": 700, ""num_leaves"": 15, ""learning_rate"": 0.12, ""subsample"": 0.6, ""colsample_bytree"": 1.0, ""min_child_samples"": 10, ""reg_lambda"": 5.0, ""verbose"": -1}"
LightGBM,15,0.6045144835551881,101.59016839996912,"{""n_estimators"": 1000, ""num_leaves"": 127, ""learning_rate"": 0.08, ""subsample"": 0.8, ""colsample_bytree"": 0.8, ""min_child_samples"": 20, ""reg_lambda"": 5.0, ""verbose"": -1}"
