Model,PR_AUC,ROC_AUC,F1,Precision,Recall,Accuracy,Precision@1%,Recall@1%,Precision@2%,Recall@2%,Train_s,Infer_ms_per_sample,Threshold
HistGBM,0.5713466238395961,0.9586708935071035,49.23076923076923,43.63636363636363,56.470588235294116,98.49954531676266,57.575756311416626,44.70588266849518,39.393940567970276,61.176472902297974,82.53513489995385,0.01285453167674534,0.7415363206860223
Heuristic: composite score persistence,0.5474214864869318,0.9508187245418663,53.02325581395348,43.84615384615385,67.05882352941175,98.46923310093968,57.575756311416626,44.70588266849518,43.18181872367859,67.05882549285889,0.0,0.0,1.8577588885454597
LightGBM,0.46175505282634693,0.9546842965652406,42.5287356321839,41.57303370786517,43.529411764705884,98.48438920885117,48.48484992980957,37.64705955982208,35.606059432029724,55.29412031173706,15.809072800038848,0.02081827826397937,0.03502817882759598
RF,0.42205501043121396,0.9587341154794484,46.236559139784944,42.57425742574257,50.588235294117645,98.48438920885117,46.9696968793869,36.4705890417099,37.87878751754761,58.82353186607361,9.980984200024977,0.038202788721584856,0.7089562248689687
Logistic Regression,0.34923216399345863,0.9428906892098157,47.31182795698925,43.56435643564357,51.76470588235295,98.51470142467414,51.51515007019043,40.00000059604645,35.606059432029724,55.29412031173706,3.636644400015939,0.0006609124016602785,0.9082131810188296
XGBoost,0.3375193541393192,0.9515520994210673,29.81366459627329,31.57894736842105,28.235294117647058,98.28735980600182,34.84848439693451,27.05882489681244,27.272728085517883,42.35294163227081,30.287423999980092,0.008425538044334786,0.13697242963314088
Isolation Forest,0.3034616341207487,0.9255479990245753,28.57142857142857,17.63085399449036,75.29411764705883,95.15004546832373,37.87878751754761,29.411765933036804,30.30303120613098,47.05882370471954,1.7083422999712639,0.0336269685681497,0.5297495964746229
Heuristic: renewable ramp,0.2896309804748151,0.9157594313635173,26.984126984126984,41.46341463414634,20.0,98.60563807214308,37.87878751754761,29.411765933036804,24.242424964904785,37.64705955982208,0.0,0.0,0.031474826169199985
GBM,0.2557355130623241,0.9494079713875417,37.09090909090909,26.842105263157894,60.0,97.37799333131252,34.84848439693451,27.05882489681244,21.969696879386902,34.117648005485535,808.5501508000307,0.018253091843200273,0.2840147109087466
CART,0.2423708746140187,0.7007026670640619,44.32432432432433,41.0,48.23529411764706,98.4389208851167,36.36363744735718,28.23529541492462,32.575756311416626,50.58823823928833,6.9159119999967515,0.0005918763249476784,0.9827414904167864
KDE (input space),0.10648723975059,0.7946080689300133,22.073578595317723,15.42056074766355,38.82352941176471,96.46862685662322,19.696970283985138,15.294118225574493,19.696970283985138,30.588236451148987,0.012515400012489408,0.25102927322183805,177.62031207469363
One-Class SVM,0.08866651785689299,0.7647094950370751,8.091468777484609,4.3726235741444865,54.11764705882353,84.16186723249469,19.696970283985138,15.294118225574493,16.66666716337204,25.882354378700256,0.5054441000102088,0.08036983726246051,3.305288815361265
Heuristic: |system imbalance|,0.06096577837934134,0.7022570244127131,8.016032064128256,4.830917874396135,23.52941176470588,93.04334646862685,12.121212482452393,9.41176488995552,9.090909361839294,14.11764770746231,0.0,0.0,291.81608
