Trial,Valid PR_AUC,Seconds,Params
0,0.5871549226139008,633.5341076999903,"{""seq_len"": 8, ""hidden_dim"": 128, ""latent_dim"": 16, ""attention_heads"": 8, ""dropout"": 0.1, ""lr"": 0.0005, ""max_epochs"": 20, ""batch_size"": 128, ""ranking_weight"": 0.03, ""recon_weight"": 0.15, ""kl_weight"": 0.01, ""aux_weight"": 1.0, ""aux_loss"": ""mse"", ""input_clip"": 5.0, ""score_mode"": ""rank_blend"", ""head_skip"": true}"
1,0.6024113925325035,303.32334490003996,"{""seq_len"": 8, ""hidden_dim"": 96, ""latent_dim"": 4, ""attention_heads"": 8, ""dropout"": 0.1, ""lr"": 0.0005, ""max_epochs"": 12, ""batch_size"": 128, ""ranking_weight"": 0.03, ""recon_weight"": 0.05, ""kl_weight"": 0.01, ""aux_weight"": 3.0, ""aux_loss"": ""tail"", ""input_clip"": 5.0, ""score_mode"": ""rank_blend"", ""head_skip"": false}"
2,0.6039510302844103,559.2189588000183,"{""seq_len"": 8, ""hidden_dim"": 128, ""latent_dim"": 4, ""attention_heads"": 4, ""dropout"": 0.05, ""lr"": 0.001, ""max_epochs"": 20, ""batch_size"": 256, ""ranking_weight"": 0.0, ""recon_weight"": 0.15, ""kl_weight"": 0.01, ""aux_weight"": 3.0, ""aux_loss"": ""mse"", ""input_clip"": 5.0, ""score_mode"": ""rank_blend"", ""head_skip"": true}"
3,0.6101040891887042,351.55882149998797,"{""seq_len"": 8, ""hidden_dim"": 128, ""latent_dim"": 8, ""attention_heads"": 4, ""dropout"": 0.05, ""lr"": 0.0005, ""max_epochs"": 12, ""batch_size"": 128, ""ranking_weight"": 0.1, ""recon_weight"": 0.15, ""kl_weight"": 0.003, ""aux_weight"": 1.0, ""aux_loss"": ""mse"", ""input_clip"": 5.0, ""score_mode"": ""rank_blend"", ""head_skip"": false}"
4,0.5771634998707416,184.85923440003535,"{""seq_len"": 4, ""hidden_dim"": 128, ""latent_dim"": 32, ""attention_heads"": 4, ""dropout"": 0.05, ""lr"": 0.0005, ""max_epochs"": 12, ""batch_size"": 256, ""ranking_weight"": 0.0, ""recon_weight"": 0.05, ""kl_weight"": 0.01, ""aux_weight"": 0.3, ""aux_loss"": ""tail"", ""input_clip"": null, ""score_mode"": ""rank_blend"", ""head_skip"": true}"
5,0.5981903406402608,476.4089706999948,"{""seq_len"": 8, ""hidden_dim"": 192, ""latent_dim"": 16, ""attention_heads"": 8, ""dropout"": 0.05, ""lr"": 0.0005, ""max_epochs"": 12, ""batch_size"": 256, ""ranking_weight"": 0.1, ""recon_weight"": 0.15, ""kl_weight"": 0.01, ""aux_weight"": 1.0, ""aux_loss"": ""huber"", ""input_clip"": 5.0, ""score_mode"": ""aux"", ""head_skip"": false}"
6,0.58344426167349,284.64547779998975,"{""seq_len"": 4, ""hidden_dim"": 192, ""latent_dim"": 8, ""attention_heads"": 4, ""dropout"": 0.05, ""lr"": 0.0005, ""max_epochs"": 12, ""batch_size"": 256, ""ranking_weight"": 0.03, ""recon_weight"": 0.05, ""kl_weight"": 0.01, ""aux_weight"": 1.0, ""aux_loss"": ""huber"", ""input_clip"": 5.0, ""score_mode"": ""rank_blend"", ""head_skip"": false}"
7,0.5993500943639068,375.95675350003876,"{""seq_len"": 4, ""hidden_dim"": 192, ""latent_dim"": 32, ""attention_heads"": 8, ""dropout"": 0.1, ""lr"": 0.001, ""max_epochs"": 12, ""batch_size"": 128, ""ranking_weight"": 0.03, ""recon_weight"": 0.05, ""kl_weight"": 0.01, ""aux_weight"": 1.0, ""aux_loss"": ""tail"", ""input_clip"": null, ""score_mode"": ""aux"", ""head_skip"": true}"
8,0.5663722839179399,328.09308780002175,"{""seq_len"": 8, ""hidden_dim"": 128, ""latent_dim"": 32, ""attention_heads"": 4, ""dropout"": 0.2, ""lr"": 0.0005, ""max_epochs"": 12, ""batch_size"": 256, ""ranking_weight"": 0.1, ""recon_weight"": 0.15, ""kl_weight"": 0.01, ""aux_weight"": 0.3, ""aux_loss"": ""tail"", ""input_clip"": null, ""score_mode"": ""aux"", ""head_skip"": false}"
9,0.5767341867193609,314.71808959997725,"{""seq_len"": 4, ""hidden_dim"": 192, ""latent_dim"": 8, ""attention_heads"": 8, ""dropout"": 0.1, ""lr"": 0.0005, ""max_epochs"": 12, ""batch_size"": 128, ""ranking_weight"": 0.1, ""recon_weight"": 0.15, ""kl_weight"": 0.01, ""aux_weight"": 0.3, ""aux_loss"": ""huber"", ""input_clip"": 5.0, ""score_mode"": ""rank_blend"", ""head_skip"": false}"
10,0.6151063572114722,440.61109590000706,"{""seq_len"": 4, ""hidden_dim"": 192, ""latent_dim"": 16, ""attention_heads"": 8, ""dropout"": 0.2, ""lr"": 0.001, ""max_epochs"": 20, ""batch_size"": 256, ""ranking_weight"": 0.0, ""recon_weight"": 0.05, ""kl_weight"": 0.003, ""aux_weight"": 3.0, ""aux_loss"": ""mse"", ""input_clip"": null, ""score_mode"": ""aux"", ""head_skip"": false}"
11,0.5819660284524216,274.7004241999821,"{""seq_len"": 8, ""hidden_dim"": 96, ""latent_dim"": 4, ""attention_heads"": 8, ""dropout"": 0.05, ""lr"": 0.0005, ""max_epochs"": 12, ""batch_size"": 128, ""ranking_weight"": 0.03, ""recon_weight"": 0.05, ""kl_weight"": 0.01, ""aux_weight"": 1.0, ""aux_loss"": ""tail"", ""input_clip"": null, ""score_mode"": ""rank_blend"", ""head_skip"": true}"
12,0.6159782642480863,227.1101398000028,"{""seq_len"": 4, ""hidden_dim"": 128, ""latent_dim"": 16, ""attention_heads"": 8, ""dropout"": 0.05, ""lr"": 0.001, ""max_epochs"": 12, ""batch_size"": 128, ""ranking_weight"": 0.0, ""recon_weight"": 0.15, ""kl_weight"": 0.003, ""aux_weight"": 3.0, ""aux_loss"": ""huber"", ""input_clip"": 5.0, ""score_mode"": ""aux"", ""head_skip"": true}"
13,0.5869855860406862,298.3378481999971,"{""seq_len"": 4, ""hidden_dim"": 128, ""latent_dim"": 32, ""attention_heads"": 8, ""dropout"": 0.2, ""lr"": 0.0005, ""max_epochs"": 20, ""batch_size"": 256, ""ranking_weight"": 0.1, ""recon_weight"": 0.15, ""kl_weight"": 0.003, ""aux_weight"": 0.3, ""aux_loss"": ""tail"", ""input_clip"": 5.0, ""score_mode"": ""aux"", ""head_skip"": false}"
