Winsorising,Auxiliary weight,Ranking score,Valid PR_AUC mean,Valid PR_AUC std,Seeds
none,0.0,cls,0.5914222752268838,,1
none,0.3,cls,0.6010341940914316,,1
none,0.3,aux,0.6008052429433182,,1
none,0.3,rank_blend,0.6005842530941186,,1
none,1.0,cls,0.6099796949958051,,1
none,1.0,aux,0.6062459526112344,,1
none,1.0,rank_blend,0.6096974082404888,,1
+/-5,0.0,cls,0.5734352316156168,,1
+/-5,0.3,cls,0.5900257549648374,,1
+/-5,0.3,aux,0.5975768188882067,,1
+/-5,0.3,rank_blend,0.5941271451076376,,1
+/-5,1.0,cls,0.6019987495211506,,1
+/-5,1.0,aux,0.6152664453922252,,1
+/-5,1.0,rank_blend,0.6116615151848211,,1
