Rank,Input
1,event_proxy_score
2,intermittency_index
3,minute
4,solar_mostrecent_error_std_1h
5,wind_ramp_abs
6,renewable_recent_error_abs
7,wind_ramp_ratio
8,renewable_uncertainty_total
9,renewable_recent_error_ratio
10,renewable_ramp_ratio_std_1h
11,wind_mostrecent_error_std_1h
12,solar_ramp_ratio
13,solar_recent_error_ratio
14,quarter_sin
15,solar_ramp_abs
16,solar_loadfactor_weighted
17,wind_recent_bandwidth
18,ace
19,renewable_recent_error_ratio_std_1h
20,wind_measured_std_1h
21,wind_recent_error_ratio
22,marginaldecrementalprice
23,systemimbalance_abs
24,renewable_ramp_abs
25,renewable_measured_total
26,imbalanceprice
27,wind_dayahead_error_ratio
28,renewable_measured_total_mean_4h
29,wind_mostrecent_error
30,systemimbalance
31,solar_mostrecentconfidence10
32,renewable_ramp_ratio_std_4h
33,solar_measured_std_1h
34,solar_mostrecent_error
35,renewable_measured_total_std_1h
36,alpha
37,systemimbalance_std_1h
38,renewable_ramp_ratio
39,quarter_cos
40,wind_measured_std_4h
41,price_spread
42,imbalance_stress_index
43,solar_measured_std_4h
44,wind_mostrecent_error_std_4h
45,imbalanceprice_abs
46,solar_dayahead_error_ratio
47,renewable_measured_total_std_4h
48,solar_mostrecentconfidence90
49,hour
50,solar_dayahead_error
51,solar_mostrecent_error_std_4h
52,renewable_recent_error_ratio_mean_4h
53,marginalincrementalprice
54,wind_measured
55,solar_weekaheadconfidence10
56,solar_dayahead11h_error
57,solar_measured_mean_4h
58,solar_weekahead_error
59,wind_weekahead_error
60,solar_measured
61,wind_mostrecent_error_mean_4h
62,renewable_ramp_ratio_mean_4h
63,systemimbalance_std_4h
64,wind_dayahead_bandwidth
65,solar_mostrecent_error_mean_1h
66,imbalanceprice_std_1h
67,wind_dayahead_error
68,wind_dayahead11h_error
69,imbalanceprice_mean_4h
70,solar_weekaheadconfidence90
71,systemimbalance_mean_1h
72,solar_dayaheadconfidence10
73,wind_measured_mean_4h
74,renewable_recent_error_ratio_std_4h
75,renewable_dayahead_error_abs
76,solar_dayahead_bandwidth
77,systemimbalance_std_1d
78,day_of_year
79,systemimbalance_mean_4h
80,wind_weekahead_bandwidth
81,wind_weekaheadconfidence10
82,imbalanceprice_mean_1h
83,imbalanceprice_std_4h
84,renewable_recent_error_ratio_std_1d
85,wind_mostrecent_error_mean_1h
86,renewable_recent_error_ratio_mean_1h
87,solar_weekahead_bandwidth
88,solar_dayaheadconfidence90
89,wind_solar_ratio
90,renewable_ramp_ratio_mean_1d
91,wind_measured_std_1d
92,renewable_measured_total_mean_1h
93,solar_mostrecent_error_std_1d
94,wind_weekaheadconfidence90
95,solar_mostrecent_error_mean_4h
96,wind_mostrecent_error_mean_1d
97,renewable_ramp_ratio_mean_1h
98,solar_measured_std_1d
99,solar_measured_mean_1h
100,renewable_recent_error_ratio_mean_1d
101,solar_mostrecent_error_mean_1d
102,renewable_ramp_ratio_std_1d
103,systemimbalance_mean_1d
104,renewable_dayahead_error_ratio
105,wind_mostrecent_error_std_1d
106,wind_measured_mean_1d
107,imbalanceprice_std_1d
108,imbalanceprice_mean_1d
109,solar_recent_bandwidth
110,wind_loadfactor_weighted
111,wind_mostrecentforecast
112,solar_mostrecentforecast
113,wind_dayahead11hconfidence10
114,solar_dayahead11hconfidence10
115,solar_measured_mean_1d
116,solar_dayahead11hconfidence90
117,solar_dayahead11hforecast
118,wind_dayaheadconfidence10
119,wind_mostrecentconfidence10
120,solar_weekaheadforecast
121,wind_measured_mean_1h
122,renewable_measured_total_std_1d
123,wind_weekaheadforecast
124,renewable_measured_total_mean_1d
125,quarter_index
126,wind_mostrecentconfidence90
127,wind_dayahead11hconfidence90
128,wind_dayaheadconfidence90
129,solar_dayaheadforecast
130,wind_dayahead11hforecast
131,wind_dayaheadforecast
132,month_sin
133,wind_monitoredcapacity
134,day_of_week
135,solar_monitoredcapacity
136,dayofweek_sin
137,dayofweek_cos
138,month_cos
139,renewable_recent_error_ratio_zscore
140,intermittency_index_zscore
141,renewable_ramp_ratio_zscore
142,systemimbalance_abs_zscore
143,is_weekend
144,renewable_capacity_total
145,month
146,alpha_prime
