Horizon,Model,Selected
t+1,AERIS,"aux_weight=3.0, score=rank_blend"
t+1,HistGBM,"{""max_iter"": 900, ""learning_rate"": 0.12, ""max_depth"": 6, ""max_leaf_nodes"": 63}"
t+2,AERIS,"aux_weight=1.0, score=rank_blend"
t+2,HistGBM,"{""max_iter"": 400, ""learning_rate"": 0.02, ""max_depth"": 8, ""max_leaf_nodes"": 63}"
t+3,AERIS,"aux_weight=1.0, score=aux"
t+3,HistGBM,"{""max_iter"": 600, ""learning_rate"": 0.05, ""max_depth"": 4, ""max_leaf_nodes"": 63}"
t+4,AERIS,"aux_weight=3.0, score=rank_blend"
t+4,HistGBM,"{""max_iter"": 600, ""learning_rate"": 0.05, ""max_depth"": 4, ""max_leaf_nodes"": 63}"
t+5,AERIS,"aux_weight=1.0, score=aux"
t+5,HistGBM,"{""max_iter"": 600, ""learning_rate"": 0.05, ""max_depth"": 4, ""max_leaf_nodes"": 63}"
t+6,AERIS,"aux_weight=1.0, score=rank_blend"
t+6,HistGBM,"{""max_iter"": 400, ""learning_rate"": 0.02, ""max_depth"": 8, ""max_leaf_nodes"": 63}"
t+8,AERIS,"aux_weight=3.0, score=aux"
t+8,HistGBM,"{""max_iter"": 400, ""learning_rate"": 0.02, ""max_depth"": 8, ""max_leaf_nodes"": 63}"
