Horizon,Minutes,Metric,AERIS,HistGBM,Difference,Relative (%),CI lower,CI upper,p (two-sided),AERIS deployment
t+1,15,PR_AUC,0.6294931961319147,0.6357823873125796,-0.0062891911806649,-0.9892050025558354,-0.0629293364308719,0.0460227935735665,0.8185907046476761,ensemble
t+1,15,Recall@2%,68.23529411764706,68.23529411764706,0.0,0.0,-7.142857142857139,6.578947368421069,0.6996501749125437,ensemble
t+2,30,PR_AUC,0.4467041856817971,0.3901567121710745,0.0565474735107225,14.493528304577229,-0.006759329079008,0.1281345591002372,0.0889555222388805,single
t+2,30,Recall@2%,56.47058823529412,56.47058823529412,0.0,0.0,-8.695652173913032,10.00210084033613,0.9805097451274364,single
t+3,45,PR_AUC,0.299381203200292,0.2702434744019095,0.0291377287983824,10.782028636535529,-0.0184060332221929,0.0817207012078744,0.2178910544727636,single
t+3,45,Recall@2%,45.88235294117647,43.52941176470589,2.352941176470587,5.405405405405403,-8.270617197116232,15.789473684210524,0.7756121939030485,single
t+4,60,PR_AUC,0.2390212453012176,0.1936874809059821,0.0453337643952354,23.40562445398364,-0.0421616274770855,0.1442855251342328,0.2818590704647676,ensemble
t+4,60,Recall@2%,42.35294117647059,32.94117647058823,9.411764705882357,28.57142857142858,-3.661412793373218,25.0,0.1829085457271364,ensemble
t+5,75,PR_AUC,0.1261871394576566,0.1121487081888086,0.0140384312688479,12.517693244592252,-0.0667571455562371,0.0915173641558866,0.7986006996501749,single
t+5,75,Recall@2%,31.76470588235294,18.823529411764707,12.941176470588232,68.74999999999999,-8.11032343819229,27.398603276927204,0.3628185907046476,single
t+6,90,PR_AUC,0.124170355790595,0.0911500182536386,0.0330203375369564,36.22636415175732,-0.0130481680276136,0.0812882462997793,0.1579210394802598,ensemble
t+6,90,Recall@2%,21.176470588235293,16.470588235294116,4.7058823529411775,28.57142857142858,-8.84983757141257,20.00595238095235,0.5737131434282858,ensemble
t+8,120,PR_AUC,0.09120290150794173,0.08683029412962898,0.004372607378312757,5.035808552928416,-0.05116028832564282,0.04479925657347978,0.9905047476261869,single
t+8,120,Recall@2%,14.117647058823529,15.294117647058824,-1.1764705882352953,-7.6923076923077,-13.001086956521739,9.836642807665662,0.5727136431784108,single
