Horizon,Minutes,Model,Events,Valid PR_AUC,Test PR_AUC,Test Recall@2%,Test F1
t+1,15,AERIS,85,0.6404221510473462,0.6165430221690773,68.23529411764706,47.65625
t+1,15,"HistGBM (regression, tuned)",85,0.6333203608712188,0.6034315202714874,65.88235294117646,58.68263473053892
t+1,15,Persistence heuristic,85,,0.5474214774378773,67.05882352941175,
t+2,30,AERIS,85,0.403868699989588,0.470684281289363,62.35294117647059,43.68600682593857
t+2,30,"HistGBM (regression, tuned)",85,0.3891633836365804,0.3521891172841313,49.41176470588236,36.36363636363637
t+2,30,Persistence heuristic,85,,0.3561360324160626,54.11764705882353,
t+3,45,AERIS,85,0.2833487745014948,0.2993640088017218,42.35294117647059,34.01360544217687
t+3,45,"HistGBM (regression, tuned)",85,0.2324740274956866,0.2195403479759617,37.64705882352941,25.0
t+3,45,Persistence heuristic,85,,0.268694111127555,41.17647058823529,
t+4,60,AERIS,85,0.26945147653752,0.2418344861973052,42.35294117647059,31.360946745562128
t+4,60,"HistGBM (regression, tuned)",85,0.1746419819323654,0.1718027894267604,29.411764705882355,25.62674094707521
t+4,60,Persistence heuristic,85,,0.2317117822312326,40.0,
t+5,75,AERIS,85,0.2251950578664235,0.1405240848582578,30.58823529411765,23.37662337662337
t+5,75,"HistGBM (regression, tuned)",85,0.1227222286255609,0.1470570135548349,25.882352941176475,20.3125
t+5,75,Persistence heuristic,85,,0.178141275782269,32.94117647058823,
t+6,90,AERIS,85,0.1781816592328303,0.1279178859976077,23.52941176470588,23.83177570093458
t+6,90,"HistGBM (regression, tuned)",85,0.1026800196428376,0.1081291194715909,16.470588235294116,11.914893617021278
t+6,90,Persistence heuristic,85,,0.1449125377560391,28.23529411764705,
t+8,120,AERIS,85,0.1480480000544475,0.1085803064060207,20.0,10.582010582010582
t+8,120,"HistGBM (regression, tuned)",85,0.0949329252280037,0.1117007134004842,18.823529411764707,14.454976303317537
t+8,120,Persistence heuristic,85,,0.1463354159120788,28.23529411764705,
