Model,PR_AUC,Brier (raw),ECE (raw),Brier (calibrated),ECE (calibrated),PR_AUC after calibration
LightGBM (tuned),0.5996229938605234,0.008247106708821155,0.0022379613289314508,0.007800348346243147,0.002601540030742613,0.5404993505550011
AERIS-DB,0.5898462374677742,,,0.0078096060352997035,0.0014038367767807106,0.5338989386977082
"HistGBM (regression, tuned)",0.6050135649007762,,,0.007867416088050425,0.002046735009354458,0.5356500679950378
HistGBM (tuned),0.589676456560572,0.02725698283075937,0.060145812076962936,0.007988973330567854,0.0010434083102284488,0.5539172240279334
"XGBoost (regression, tuned)",0.5644525673290192,,,0.008040557115683696,0.0008563214982817882,0.5244260772752278
LSTM classifier,0.5628197938872219,0.03736049541930375,0.07632133617844584,0.008080026672454641,0.0012731026803787396,0.5248360361488257
HistGBM,0.5713466118706683,0.019101255934805595,0.05963735338749108,0.008135864750263946,0.0011121721203017994,0.5248924937393471
Heuristic: composite score persistence,0.5474214774378773,,,0.008181540287098629,0.002668109398992317,0.4883903120084124
Transformer classifier,0.549973757453471,0.014778353119604142,0.0282272391405574,0.008383487357651933,0.0009493213349511885,0.4799572649656244
XGBoost (tuned),0.5280084391664863,0.008933467461033,0.006333366520267333,0.008475575810527542,0.0019362242140250896,0.4999132005214656
AERIS (common recipe),0.5266645544111823,0.023046244194664698,0.042924142461910925,0.008594396760660379,0.002438592968664978,0.47365061612011866
GRU classifier,0.5230235932155012,0.022112443597732845,0.04195019442898591,0.00867027290624266,0.0017655148147180122,0.4594645760583258
TCN classifier,0.5245437420578498,0.024184629421021137,0.06406443947858412,0.008806658759599151,0.005088297925862578,0.4714621846001136
LightGBM,0.4617550414835036,0.009726827142575122,0.008403254905076263,0.009080906857105464,0.002225418087757941,0.4234589127042135
RF,0.42205500369638305,0.020081370580806068,0.048869070058209646,0.00932267837615523,0.0026908833499630688,0.3741576747978484
"LightGBM (regression, tuned)",0.627769387027195,0.32122415678302263,0.4871173082752349,0.01007464636962474,0.015204924281876083,0.5672081993388725
Logistic Regression,0.34923215658558787,0.02468052932404177,0.03551726886716382,0.010181859275543157,0.000536905038628217,0.3463282267109997
AERIS,0.6263529149494801,0.32138874674814544,0.487117308275235,0.010241963954058067,0.015227761887497415,0.5655967185327652
CART,0.24237086846567993,0.039523018574104174,0.04707994264290118,0.010467904523790776,,0.2405860045990336
XGBoost,0.33751934696514646,0.010939930755668249,0.0062893248612444375,0.01062762309883961,0.0025342499968076496,0.3050181250310715
Heuristic: renewable ramp,0.28963097339604627,0.012382178410372943,0.009357037911130238,0.011030395670054921,0.0019679678786749845,0.23939106648233296
Isolation Forest,0.30346162914880676,0.2196834066039741,0.45574604111978984,0.011268085852241701,0.012199200366157577,0.23611432895706938
Heuristic: |system imbalance|,0.06096577719054368,,,0.012768280283450091,0.01229307908800507,0.041861670110215105
KDE (input space),0.10648723730812912,,,0.013200587370007599,0.017761802303527183,0.08974351136990559
GBM,0.2557355103248619,0.01487799138192099,0.011057253799316569,0.015345750599635243,0.012109215978197807,0.2549814173650028
VAE reconstruction (unsupervised),0.0724304893250412,,,0.01556938173972833,0.04916532024365496,0.029900574878492785
One-Class SVM,0.08866651583493869,,,0.029407396110790754,0.07262638772571949,0.08135127425736251
