Block length,Baseline,Difference,CI lower,CI upper,p (two-sided)
1,Logistic Regression,0.2771207583638922,0.1804763892950779,0.36256287934452097,0.0009995002498750624
1,CART,0.3839820464838002,0.2967038430806179,0.46567492731962673,0.0009995002498750624
1,RF,0.20429791125309704,0.10987545870145486,0.28740440946677465,0.0009995002498750624
1,GBM,0.3706174046246182,0.28563296391424586,0.436487594872481,0.0009995002498750624
1,HistGBM,0.055006303078811825,-0.0052276626152514515,0.11109235416498502,0.06996501749125437
1,XGBoost,0.28883356798433363,0.19648416851661535,0.3814653731866168,0.0009995002498750624
1,LightGBM,0.16459787346597649,0.10217550067957012,0.2316925279345766,0.0009995002498750624
1,Isolation Forest,0.32289128580067333,0.21190004998991976,0.4161637365330305,0.0009995002498750624
1,One-Class SVM,0.5376863991145414,0.4370870571678528,0.6235064557821299,0.0009995002498750624
1,KDE (input space),0.5198656776413509,0.4157447632484037,0.601428065401244,0.0009995002498750624
1,Heuristic: composite score persistence,0.07893143751160281,0.0246907202810756,0.13514250766190505,0.0029985007496251873
1,Heuristic: renewable ramp,0.3367219415534338,0.22952580169966919,0.44033097429038026,0.0009995002498750624
1,Heuristic: |system imbalance|,0.5653871377589365,0.4625643853695066,0.6537272648375614,0.0009995002498750624
1,HistGBM (tuned),0.036676458388908095,-0.012400582155253819,0.08634760891396036,0.1519240379810095
1,XGBoost (tuned),0.09834447578299377,0.04265970375289396,0.15950065702536317,0.0009995002498750624
1,LightGBM (tuned),0.026729921088956665,-0.01582695508775502,0.07027441142064299,0.21989005497251374
1,"HistGBM (regression, tuned)",0.02133935004870391,-0.028295997926319986,0.07469157387091226,0.37681159420289856
1,"XGBoost (regression, tuned)",0.06190034762046093,0.009436375342935475,0.11697100285677242,0.020989505247376312
1,"LightGBM (regression, tuned)",-0.001416472077714892,-0.04737217767813506,0.0479766419755388,0.9265367316341828
1,AERIS-DB,0.036506677481705885,-0.011800232046872158,0.08684714710155887,0.14592703648175911
1,AERIS (common recipe),0.09968836053829777,0.03664700488433964,0.16221385415322548,0.00399800099950025
1,TCN classifier,0.10180917289163027,0.04331417555333845,0.1606506672579144,0.0029985007496251873
1,LSTM classifier,0.06353312106225817,0.008853712883332537,0.11656308109085894,0.020989505247376312
1,GRU classifier,0.10332932173397891,0.03658992429685046,0.17134248507114921,0.0069965017491254375
1,Transformer classifier,0.0763791574960091,0.0023551433877710753,0.15116845974370843,0.04397801099450275
1,VAE reconstruction (unsupervised),0.5539224256244388,0.44468978380686164,0.6447715843774197,0.0009995002498750624
32,Logistic Regression,0.2771207583638922,0.040523387223697985,0.4224159914459482,0.0069965017491254375
32,CART,0.3839820464838002,0.2683844284050642,0.4817854713788955,0.0009995002498750624
32,RF,0.20429791125309704,0.05771316351760361,0.34086597871651575,0.005997001499250375
32,GBM,0.3706174046246182,0.19734728928776163,0.47285124815999297,0.0009995002498750624
32,HistGBM,0.055006303078811825,0.007587211876317906,0.09974165526731306,0.030984507746126936
32,XGBoost,0.28883356798433363,0.11520917774234818,0.4302241130713431,0.0009995002498750624
32,LightGBM,0.16459787346597649,0.06032766329125189,0.2757865661824864,0.0009995002498750624
32,Isolation Forest,0.32289128580067333,0.19381859650713712,0.4044980260285414,0.0009995002498750624
32,One-Class SVM,0.5376863991145414,0.35890100617088777,0.6277047920855418,0.0009995002498750624
32,KDE (input space),0.5198656776413509,0.3534101224191049,0.6069650595420214,0.0009995002498750624
32,Heuristic: composite score persistence,0.07893143751160281,0.021062592240534656,0.15717433720145368,0.0079960019990005
32,Heuristic: renewable ramp,0.3367219415534338,0.15160858960286736,0.49852066141140833,0.0009995002498750624
32,Heuristic: |system imbalance|,0.5653871377589365,0.3662406583639905,0.6628897074213238,0.0009995002498750624
32,HistGBM (tuned),0.036676458388908095,-0.005145251284489901,0.08203355009740532,0.07196401799100449
32,XGBoost (tuned),0.09834447578299377,0.020924361899846484,0.1711373084315536,0.015992003998001
32,LightGBM (tuned),0.026729921088956665,-0.033262908787014114,0.07819065548048612,0.36681659170414793
32,"HistGBM (regression, tuned)",0.02133935004870391,-0.03920896632754112,0.07884532494361722,0.4587706146926537
32,"XGBoost (regression, tuned)",0.06190034762046093,-0.010370247050745124,0.1266260273520563,0.09795102448775612
32,"LightGBM (regression, tuned)",-0.001416472077714892,-0.05810471024400253,0.048559290936187036,0.9565217391304348
32,AERIS-DB,0.036506677481705885,-0.045250416022058995,0.14452313868905378,0.39080459770114945
32,AERIS (common recipe),0.09968836053829777,0.007793091721633758,0.21559839839594847,0.031984007996002
32,TCN classifier,0.10180917289163027,0.03798512955391074,0.18169773893894056,0.004997501249375313
32,LSTM classifier,0.06353312106225817,-0.03078589840660863,0.17000305989892772,0.21489255372313842
32,GRU classifier,0.10332932173397891,0.008270712576861981,0.22744786525169017,0.02798600699650175
32,Transformer classifier,0.0763791574960091,-0.03714506715025957,0.20886244050301234,0.2178910544727636
32,VAE reconstruction (unsupervised),0.5539224256244388,0.3484544423900232,0.656661567589073,0.0009995002498750624
96,Logistic Regression,0.2771207583638922,0.0341026960297639,0.42528434407886206,0.0069965017491254375
96,CART,0.3839820464838002,0.26417026992731646,0.47157762327323594,0.0009995002498750624
96,RF,0.20429791125309704,0.05726135306675839,0.3441119450563965,0.0069965017491254375
96,GBM,0.3706174046246182,0.15822793138648464,0.48933867025175865,0.0009995002498750624
96,HistGBM,0.055006303078811825,0.006169060040884972,0.09862939294937179,0.03698150924537731
96,XGBoost,0.28883356798433363,0.11238655950827274,0.4348021610920057,0.0009995002498750624
96,LightGBM,0.16459787346597649,0.0544078344221405,0.282067579182993,0.0029985007496251873
96,Isolation Forest,0.32289128580067333,0.1960444265698202,0.3926143943624811,0.0009995002498750624
96,One-Class SVM,0.5376863991145414,0.3597396949394036,0.6192085850803928,0.0009995002498750624
96,KDE (input space),0.5198656776413509,0.3549186890987113,0.5970729845670372,0.0009995002498750624
96,Heuristic: composite score persistence,0.07893143751160281,0.021910522666375932,0.1591986817892183,0.005997001499250375
96,Heuristic: renewable ramp,0.3367219415534338,0.13710889450626665,0.5158716091859892,0.0009995002498750624
96,Heuristic: |system imbalance|,0.5653871377589365,0.3621334509377417,0.66198853978842,0.0009995002498750624
96,HistGBM (tuned),0.036676458388908095,-0.005002045240175798,0.08062146825191861,0.079960019990005
96,XGBoost (tuned),0.09834447578299377,0.018490197790655374,0.17897599752962548,0.013993003498250875
96,LightGBM (tuned),0.026729921088956665,-0.03291952070264663,0.07716763838999065,0.35782108945527236
96,"HistGBM (regression, tuned)",0.02133935004870391,-0.038494370724122304,0.07727228209366402,0.4687656171914043
96,"XGBoost (regression, tuned)",0.06190034762046093,-0.011552719951291245,0.1283451367216188,0.10194902548725637
96,"LightGBM (regression, tuned)",-0.001416472077714892,-0.06185389015636262,0.04820823109545413,0.9555222388805598
96,AERIS-DB,0.036506677481705885,-0.047954877394654344,0.1437136057197144,0.43778110944527737
96,AERIS (common recipe),0.09968836053829777,0.008567386157220478,0.2195512816857846,0.02798600699650175
96,TCN classifier,0.10180917289163027,0.03523383529352787,0.18086284385343773,0.001999000499750125
96,LSTM classifier,0.06353312106225817,-0.031357456889072724,0.1723577540741086,0.22588705647176413
96,GRU classifier,0.10332932173397891,0.00808727593805974,0.23896502570192915,0.02798600699650175
96,Transformer classifier,0.0763791574960091,-0.039353061978625335,0.21943341577157746,0.22988505747126436
96,VAE reconstruction (unsupervised),0.5539224256244388,0.3331203667745977,0.6488670619524538,0.0009995002498750624
192,Logistic Regression,0.2771207583638922,0.04403204340554749,0.41029998125686434,0.004997501249375313
192,CART,0.3839820464838002,0.26958313252750266,0.46701354090013886,0.0009995002498750624
192,RF,0.20429791125309704,0.04796598855861779,0.3457249357616901,0.012993503248375811
192,GBM,0.3706174046246182,0.14652791522860856,0.49745098867992704,0.0009995002498750624
192,HistGBM,0.055006303078811825,0.007380320641480001,0.09789712926864828,0.030984507746126936
192,XGBoost,0.28883356798433363,0.11620923591525824,0.41831344278391386,0.0029985007496251873
192,LightGBM,0.16459787346597649,0.05807455953857375,0.28278770861893554,0.001999000499750125
192,Isolation Forest,0.32289128580067333,0.19289794478577343,0.38772155309971723,0.001999000499750125
192,One-Class SVM,0.5376863991145414,0.35460547615151466,0.6208840497698346,0.0009995002498750624
192,KDE (input space),0.5198656776413509,0.35688625422827713,0.6020905713417687,0.0009995002498750624
192,Heuristic: composite score persistence,0.07893143751160281,0.015160599397354797,0.15221344345583282,0.014992503748125937
192,Heuristic: renewable ramp,0.3367219415534338,0.13109894129273456,0.517188415529527,0.0009995002498750624
192,Heuristic: |system imbalance|,0.5653871377589365,0.3754787194261625,0.6605789135682959,0.0009995002498750624
192,HistGBM (tuned),0.036676458388908095,-0.0055334984038823394,0.07992487003992103,0.08595702148925537
192,XGBoost (tuned),0.09834447578299377,0.018480251592436464,0.17351773688054428,0.014992503748125937
192,LightGBM (tuned),0.026729921088956665,-0.03513011566041442,0.07425309058938478,0.3468265867066467
192,"HistGBM (regression, tuned)",0.02133935004870391,-0.0431587825094002,0.07926212463923941,0.5097451274362819
192,"XGBoost (regression, tuned)",0.06190034762046093,-0.018148190270454553,0.12431996963791955,0.14492753623188406
192,"LightGBM (regression, tuned)",-0.001416472077714892,-0.07004684989533072,0.052549210967086014,0.9945027486256871
192,AERIS-DB,0.036506677481705885,-0.05370240326357119,0.13827228608065553,0.42478760619690153
192,AERIS (common recipe),0.09968836053829777,0.007722615114584954,0.2216906554621833,0.028985507246376812
192,TCN classifier,0.10180917289163027,0.028308370028958498,0.1845439069653109,0.0079960019990005
192,LSTM classifier,0.06353312106225817,-0.03591823533334025,0.17609739707427716,0.2158920539730135
192,GRU classifier,0.10332932173397891,0.00920390666668327,0.2247079085548075,0.02498750624687656
192,Transformer classifier,0.0763791574960091,-0.042399241183429526,0.2108702056506868,0.22088955522238882
192,VAE reconstruction (unsupervised),0.5539224256244388,0.32634249985584735,0.6614992434536936,0.001999000499750125
