Horizon,Minutes,Metric,AERIS,LightGBM,Difference,Relative (%),CI lower,CI upper,p (two-sided)
t+1,15,PR_AUC,0.6294931961319147,0.6291489035541266,0.00034429257778811895,0.05472354411541925,-0.06331738987029852,0.06099806385761239,0.9475262368815592
t+1,15,Recall@2%,68.23529411764706,68.23529411764706,0.0,0.0,-6.542978357107717,5.128205128205138,0.5587206396801598
t+2,30,PR_AUC,0.4467041856817971,0.45081262578096604,-0.004108440099168942,-0.9113409572439721,-0.07078661468532152,0.07727371473537986,0.9305347326336832
t+2,30,Recall@2%,56.470588235294116,58.82352941176471,-2.352941176470594,-4.00000000000001,-7.608695652173914,6.107259697772229,0.5627186406796603
t+3,45,PR_AUC,0.299381203200292,0.2968261740509543,0.0025550291493376953,0.8607829675084817,-0.05427407877589465,0.056110250687955186,0.9465267366316842
t+3,45,Recall@2%,45.88235294117647,44.70588235294118,1.17647058823529,2.6315789473684115,-9.877856579984241,16.666666666666664,0.9955022488755623
t+4,60,PR_AUC,0.23902124530121763,0.19112994438603184,0.047891300915185786,25.05693237604781,-0.03965359379549901,0.14896548114870933,0.28285857071464265
t+4,60,Recall@2%,42.35294117647059,34.11764705882353,8.235294117647058,24.137931034482758,-4.761904761904763,19.81603773584903,0.24087956021989004
t+5,75,PR_AUC,0.1261871394576566,0.15826910231075125,-0.03208196285309464,-20.270515460499524,-0.12748723967611372,0.02244199030163629,0.28385807096451776
t+5,75,Recall@2%,31.76470588235294,28.235294117647058,3.5294117647058805,12.499999999999995,-11.627906976744185,13.265306122448976,0.8525737131434283
t+6,90,PR_AUC,0.12417035579059507,0.1266982854846929,-0.002527929694097819,-1.9952359137513602,-0.0458879659298461,0.04270512711035631,0.8045977011494252
t+6,90,Recall@2%,21.176470588235293,21.176470588235293,0.0,0.0,-11.428571428571427,9.525440313111538,0.7106446776611695
t+8,120,PR_AUC,0.09120290150794173,0.14092056504809627,-0.04971766354015454,-35.280630277905765,-0.1735186337642541,0.016570067082751345,0.2258870564717641
t+8,120,Recall@2%,14.117647058823529,24.705882352941178,-10.588235294117649,-42.85714285714286,-26.19360902255639,2.9850746268656714,0.11094452773613184
